Site,Parameter,Date (LT),Year,Month,Day,Hour,NowCast Conc.,AQI,AQI Category,Raw Conc.,Conc. Unit,Duration,QC Name
Bishkek,PM2.5 - Principal,2024-01-01 01:00 AM,2024,01,01,01,160.9,211,Very Unhealthy,290.0,UG/M3,1 Hr,Valid
Bishkek,PM2.5 - Principal,2024-01-01 02:00 AM,2024,01,01,02,94.9,171,Unhealthy,29.0,UG/M3,1 Hr,Valid
Bishkek,PM2.5 - Principal,2024-01-01 03:00 AM,2024,01,01,03,47.7,131,Unhealthy for Sensitive Groups,0.6,UG/M3,1 Hr,Valid
Bishkek,PM2.5 - Principal,2024-01-01 04:00 AM,2024,01,01,04,28.8,86,Moderate,10.0,UG/M3,1 Hr,Valid
Bishkek,PM2.5 - Principal,2024-01-01 05:00 AM,2024,01,01,05,14.7,56,Moderate,0.5,UG/M3,1 Hr,Valid
Bishkek,PM2.5 - Principal,2024-01-01 06:00 AM,2024,01,01,06,9.8,41,Good,5.0,UG/M3,1 Hr,Valid
Bishkek,PM2.5 - Principal,2024-01-01 07:00 AM,2024,01,01,07,5.2,22,Good,0.6,UG/M3,1 Hr,Valid
Bishkek,PM2.5 - Principal,2024-01-01 08:00 AM,2024,01,01,08,3.0,13,Good,0.8,UG/M3,1 Hr,Valid
Bishkek,PM2.5 - Principal,2024-01-01 09:00 AM,2024,01,01,09,0.5,2,Good,-2.0,UG/M3,1 Hr,Valid
Bishkek,PM2.5 - Principal,2024-01-01 10:00 AM,2024,01,01,10,0.0,0,Good,-3.0,UG/M3,1 Hr,Valid
Bishkek,PM2.5 - Principal,2024-01-01 11:00 AM,2024,01,01,11,0.8,3,Good,3.0,UG/M3,1 Hr,Valid
Bishkek,PM2.5 - Principal,2024-01-01 12:00 PM,2024,01,01,12,0.9,4,Good,1.0,UG/M3,1 Hr,Valid
Bishkek,PM2.5 - Principal,2024-01-01 01:00 PM,2024,01,01,13,0.0,0,Good,-2.0,UG/M3,1 Hr,Valid
Bishkek,PM2.5 - Principal,2024-01-01 02:00 PM,2024,01,01,14,0.3,1,Good,1.2,UG/M3,1 Hr,Valid
Bishkek,PM2.5 - Principal,2024-01-01 03:00 PM,2024,01,01,15,0.3,1,Good,-5.0,UG/M3,1 Hr,Invalid
Bishkek,PM2.5 - Principal,2024-01-01 04:00 PM,2024,01,01,16,0.0,0,Good,-4.0,UG/M3,1 Hr,Valid
Bishkek,PM2.5 - Principal,2024-01-01 05:00 PM,2024,01,01,17,0.0,0,Good,0.7,UG/M3,1 Hr,Valid
Bishkek,PM2.5 - Principal,2024-01-01 06:00 PM,2024,01,01,18,0.0,0,Good,0.6,UG/M3,1 Hr,Valid
Bishkek,PM2.5 - Principal,2024-01-01 07:00 PM,2024,01,01,19,0.4,2,Good,0.8,UG/M3,1 Hr,Valid
Bishkek,PM2.5 - Principal,2024-01-01 08:00 PM,2024,01,01,20,13.9,55,Moderate,27.0,UG/M3,1 Hr,Valid
Bishkek,PM2.5 - Principal,2024-01-01 09:00 PM,2024,01,01,21,7.3,30,Good,0.9,UG/M3,1 Hr,Valid
Bishkek,PM2.5 - Principal,2024-01-01 10:00 PM,2024,01,01,22,9.7,40,Good,12.0,UG/M3,1 Hr,Valid
Bishkek,PM2.5 - Principal,2024-01-01 11:00 PM,2024,01,01,23,5.2,22,Good,0.7,UG/M3,1 Hr,Valid
Bishkek,PM2.5 - Principal,2024-01-02 12:00 AM,2024,01,02,00,6.1,25,Good,7.0,UG/M3,1 Hr,Valid
Bishkek,PM2.5 - Principal,2024-01-02 01:00 AM,2024,01,02,01,10.0,42,Good,14.0,UG/M3,1 Hr,Valid
Bishkek,PM2.5 - Principal,2024-01-02 02:00 AM,2024,01,02,02,9.0,38,Good,8.0,UG/M3,1 Hr,Valid
Bishkek,PM2.5 - Principal,2024-01-02 03:00 AM,2024,01,02,03,6.5,27,Good,4.0,UG/M3,1 Hr,Valid
Bishkek,PM2.5 - Principal,2024-01-02 04:00 AM,2024,01,02,04,4.7,20,Good,3.0,UG/M3,1 Hr,Valid
Bishkek,PM2.5 - Principal,2024-01-02 05:00 AM,2024,01,02,05,1.8,8,Good,-1.0,UG/M3,1 Hr,Valid
Bishkek,PM2.5 - Principal,2024-01-02 06:00 AM,2024,01,02,06,0.0,0,Good,-3.0,UG/M3,1 Hr,Valid
Bishkek,PM2.5 - Principal,2024-01-02 07:00 AM,2024,01,02,07,0.0,0,Good,-3.0,UG/M3,1 Hr,Valid
Bishkek,PM2.5 - Principal,2024-01-02 08:00 AM,2024,01,02,08,0.0,0,Good,-4.0,UG/M3,1 Hr,Valid
Bishkek,PM2.5 - Principal,2024-01-02 09:00 AM,2024,01,02,09,0.0,0,Good,-4.0,UG/M3,1 Hr,Valid
Bishkek,PM2.5 - Principal,2024-01-02 10:00 AM,2024,01,02,10,0.2,1,Good,4.0,UG/M3,1 Hr,Valid
Bishkek,PM2.5 - Principal,2024-01-02 11:00 AM,2024,01,02,11,9.6,40,Good,19.0,UG/M3,1 Hr,Valid
Bishkek,PM2.5 - Principal,2024-01-02 12:00 PM,2024,01,02,12,6.0,25,Good,2.4,UG/M3,1 Hr,Valid
Bishkek,PM2.5 - Principal,2024-01-02 01:00 PM,2024,01,02,13,12.0,50,Good,18.0,UG/M3,1 Hr,Valid
Bishkek,PM2.5 - Principal,2024-01-02 02:00 PM,2024,01,02,14,6.7,28,Good,1.4,UG/M3,1 Hr,Valid
Bishkek,PM2.5 - Principal,2024-01-02 03:00 PM,2024,01,02,15,18.8,65,Moderate,31.0,UG/M3,1 Hr,Valid
Bishkek,PM2.5 - Principal,2024-01-02 04:00 PM,2024,01,02,16,23.4,75,Moderate,28.0,UG/M3,1 Hr,Valid
Bishkek,PM2.5 - Principal,2024-01-02 05:00 PM,2024,01,02,17,26.7,82,Moderate,30.0,UG/M3,1 Hr,Valid
Bishkek,PM2.5 - Principal,2024-01-02 06:00 PM,2024,01,02,18,33.3,96,Moderate,40.0,UG/M3,1 Hr,Valid
Bishkek,PM2.5 - Principal,2024-01-02 07:00 PM,2024,01,02,19,43.6,121,Unhealthy for Sensitive Groups,54.0,UG/M3,1 Hr,Valid
Bishkek,PM2.5 - Principal,2024-01-02 08:00 PM,2024,01,02,20,70.8,159,Unhealthy,98.0,UG/M3,1 Hr,Valid
Bishkek,PM2.5 - Principal,2024-01-02 09:00 PM,2024,01,02,21,79.9,164,Unhealthy,89.0,UG/M3,1 Hr,Valid
Bishkek,PM2.5 - Principal,2024-01-02 10:00 PM,2024,01,02,22,95.9,172,Unhealthy,112.0,UG/M3,1 Hr,Valid
Bishkek,PM2.5 - Principal,2024-01-02 11:00 PM,2024,01,02,23,87.4,167,Unhealthy,79.0,UG/M3,1 Hr,Valid
Bishkek,PM2.5 - Principal,2024-01-03 12:00 AM,2024,01,03,00,44.0,122,Unhealthy for Sensitive Groups,0.6,UG/M3,1 Hr,Valid
Bishkek,PM2.5 - Principal,2024-01-03 01:00 AM,2024,01,03,01,22.2,72,Moderate,0.3,UG/M3,1 Hr,Valid
Bishkek,PM2.5 - Principal,2024-01-03 02:00 AM,2024,01,03,02,38.6,109,Unhealthy for Sensitive Groups,55.0,UG/M3,1 Hr,Valid
Bishkek,PM2.5 - Principal,2024-01-03 03:00 AM,2024,01,03,03,19.4,66,Moderate,0.3,UG/M3,1 Hr,Valid
Bishkek,PM2.5 - Principal,2024-01-03 04:00 AM,2024,01,03,04,37.2,105,Unhealthy for Sensitive Groups,55.0,UG/M3,1 Hr,Valid
Bishkek,PM2.5 - Principal,2024-01-03 05:00 AM,2024,01,03,05,59.1,153,Unhealthy,81.0,UG/M3,1 Hr,Valid
Bishkek,PM2.5 - Principal,2024-01-03 06:00 AM,2024,01,03,06,53.0,144,Unhealthy for Sensitive Groups,47.0,UG/M3,1 Hr,Valid
Bishkek,PM2.5 - Principal,2024-01-03 07:00 AM,2024,01,03,07,42.0,117,Unhealthy for Sensitive Groups,31.0,UG/M3,1 Hr,Valid
Bishkek,PM2.5 - Principal,2024-01-03 08:00 AM,2024,01,03,08,36.0,102,Unhealthy for Sensitive Groups,30.0,UG/M3,1 Hr,Valid
Bishkek,PM2.5 - Principal,2024-01-03 09:00 AM,2024,01,03,09,32.9,95,Moderate,30.0,UG/M3,1 Hr,Valid
Bishkek,PM2.5 - Principal,2024-01-03 10:00 AM,2024,01,03,10,34.9,99,Moderate,37.0,UG/M3,1 Hr,Valid
Bishkek,PM2.5 - Principal,2024-01-03 11:00 AM,2024,01,03,11,17.7,63,Moderate,0.5,UG/M3,1 Hr,Valid
Bishkek,PM2.5 - Principal,2024-01-03 12:00 PM,2024,01,03,12,28.8,86,Moderate,40.0,UG/M3,1 Hr,Valid
Bishkek,PM2.5 - Principal,2024-01-03 01:00 PM,2024,01,03,13,14.9,57,Moderate,0.9,UG/M3,1 Hr,Valid
Bishkek,PM2.5 - Principal,2024-01-03 02:00 PM,2024,01,03,14,67.4,157,Unhealthy,120.0,UG/M3,1 Hr,Valid
Bishkek,PM2.5 - Principal,2024-01-03 03:00 PM,2024,01,03,15,128.7,189,Unhealthy,190.0,UG/M3,1 Hr,Valid
Bishkek,PM2.5 - Principal,2024-01-03 04:00 PM,2024,01,03,16,130.8,190,Unhealthy,133.0,UG/M3,1 Hr,Valid
Bishkek,PM2.5 - Principal,2024-01-03 05:00 PM,2024,01,03,17,111.4,180,Unhealthy,92.0,UG/M3,1 Hr,Valid
Bishkek,PM2.5 - Principal,2024-01-03 06:00 PM,2024,01,03,18,56.0,151,Unhealthy,0.6,UG/M3,1 Hr,Valid
Bishkek,PM2.5 - Principal,2024-01-03 07:00 PM,2024,01,03,19,75.5,161,Unhealthy,95.0,UG/M3,1 Hr,Valid
Bishkek,PM2.5 - Principal,2024-01-03 08:00 PM,2024,01,03,20,104.7,176,Unhealthy,134.0,UG/M3,1 Hr,Valid
Bishkek,PM2.5 - Principal,2024-01-03 09:00 PM,2024,01,03,21,96.8,172,Unhealthy,89.0,UG/M3,1 Hr,Valid
Bishkek,PM2.5 - Principal,2024-01-03 10:00 PM,2024,01,03,22,48.6,133,Unhealthy for Sensitive Groups,0.4,UG/M3,1 Hr,Valid
Bishkek,PM2.5 - Principal,2024-01-03 11:00 PM,2024,01,03,23,38.8,109,Unhealthy for Sensitive Groups,29.0,UG/M3,1 Hr,Valid
Bishkek,PM2.5 - Principal,2024-01-04 12:00 AM,2024,01,04,00,31.4,92,Moderate,24.0,UG/M3,1 Hr,Valid
Bishkek,PM2.5 - Principal,2024-01-04 01:00 AM,2024,01,04,01,26.7,82,Moderate,22.0,UG/M3,1 Hr,Valid
Bishkek,PM2.5 - Principal,2024-01-04 02:00 AM,2024,01,04,02,18.8,65,Moderate,11.0,UG/M3,1 Hr,Valid
Bishkek,PM2.5 - Principal,2024-01-04 03:00 AM,2024,01,04,03,16.3,60,Moderate,14.0,UG/M3,1 Hr,Valid
Bishkek,PM2.5 - Principal,2024-01-04 04:00 AM,2024,01,04,04,12.6,52,Moderate,9.0,UG/M3,1 Hr,Valid
Bishkek,PM2.5 - Principal,2024-01-04 05:00 AM,2024,01,04,05,14.8,57,Moderate,17.0,UG/M3,1 Hr,Valid
Bishkek,PM2.5 - Principal,2024-01-04 06:00 AM,2024,01,04,06,11.4,48,Good,8.0,UG/M3,1 Hr,Valid
Bishkek,PM2.5 - Principal,2024-01-04 07:00 AM,2024,01,04,07,5.9,25,Good,0.5,UG/M3,1 Hr,Valid
Bishkek,PM2.5 - Principal,2024-01-04 08:00 AM,2024,01,04,08,2.9,12,Good,0.0,UG/M3,1 Hr,Valid
Bishkek,PM2.5 - Principal,2024-01-04 09:00 AM,2024,01,04,09,3.9,16,Good,5.0,UG/M3,1 Hr,Valid
Bishkek,PM2.5 - Principal,2024-01-04 10:00 AM,2024,01,04,10,2.2,9,Good,0.5,UG/M3,1 Hr,Valid
Bishkek,PM2.5 - Principal,2024-01-04 11:00 AM,2024,01,04,11,7.6,32,Good,13.0,UG/M3,1 Hr,Valid
Bishkek,PM2.5 - Principal,2024-01-04 12:00 PM,2024,01,04,12,12.3,51,Moderate,17.0,UG/M3,1 Hr,Valid
Bishkek,PM2.5 - Principal,2024-01-04 01:00 PM,2024,01,04,13,12.6,52,Moderate,13.0,UG/M3,1 Hr,Valid
Bishkek,PM2.5 - Principal,2024-01-04 02:00 PM,2024,01,04,14,10.8,45,Good,9.0,UG/M3,1 Hr,Valid
Bishkek,PM2.5 - Principal,2024-01-04 03:00 PM,2024,01,04,15,7.4,31,Good,4.0,UG/M3,1 Hr,Valid
Bishkek,PM2.5 - Principal,2024-01-04 04:00 PM,2024,01,04,16,4.1,17,Good,0.8,UG/M3,1 Hr,Valid
Bishkek,PM2.5 - Principal,2024-01-04 05:00 PM,2024,01,04,17,2.5,10,Good,0.9,UG/M3,1 Hr,Valid
Bishkek,PM2.5 - Principal,2024-01-04 06:00 PM,2024,01,04,18,5.2,22,Good,8.0,UG/M3,1 Hr,Valid
Bishkek,PM2.5 - Principal,2024-01-04 07:00 PM,2024,01,04,19,6.1,25,Good,7.0,UG/M3,1 Hr,Valid
Bishkek,PM2.5 - Principal,2024-01-04 08:00 PM,2024,01,04,20,4.0,17,Good,2.0,UG/M3,1 Hr,Valid
Bishkek,PM2.5 - Principal,2024-01-04 09:00 PM,2024,01,04,21,6.0,25,Good,8.0,UG/M3,1 Hr,Valid
Bishkek,PM2.5 - Principal,2024-01-04 10:00 PM,2024,01,04,22,6.5,27,Good,7.0,UG/M3,1 Hr,Valid
Bishkek,PM2.5 - Principal,2024-01-04 11:00 PM,2024,01,04,23,4.2,18,Good,2.0,UG/M3,1 Hr,Valid
Bishkek,PM2.5 - Principal,2024-01-05 12:00 AM,2024,01,05,00,3.0,13,Good,1.8,UG/M3,1 Hr,Valid
Bishkek,PM2.5 - Principal,2024-01-05 01:00 AM,2024,01,05,01,3.5,15,Good,4.0,UG/M3,1 Hr,Valid
Bishkek,PM2.5 - Principal,2024-01-05 02:00 AM,2024,01,05,02,2.0,8,Good,0.5,UG/M3,1 Hr,Valid
Bishkek,PM2.5 - Principal,2024-01-05 03:00 AM,2024,01,05,03,3.0,13,Good,4.0,UG/M3,1 Hr,Valid
Bishkek,PM2.5 - Principal,2024-01-05 04:00 AM,2024,01,05,04,5.0,21,Good,7.0,UG/M3,1 Hr,Valid
Bishkek,PM2.5 - Principal,2024-01-05 05:00 AM,2024,01,05,05,5.0,21,Good,5.0,UG/M3,1 Hr,Valid
Bishkek,PM2.5 - Principal,2024-01-05 06:00 AM,2024,01,05,06,2.5,10,Good,0.0,UG/M3,1 Hr,Valid
Bishkek,PM2.5 - Principal,2024-01-05 07:00 AM,2024,01,05,07,1.6,7,Good,0.7,UG/M3,1 Hr,Valid
Bishkek,PM2.5 - Principal,2024-01-05 08:00 AM,2024,01,05,08,2.3,10,Good,3.0,UG/M3,1 Hr,Valid
Bishkek,PM2.5 - Principal,2024-01-05 09:00 AM,2024,01,05,09,2.1,9,Good,2.0,UG/M3,1 Hr,Valid
Bishkek,PM2.5 - Principal,2024-01-05 10:00 AM,2024,01,05,10,14.5,56,Moderate,27.0,UG/M3,1 Hr,Valid
Bishkek,PM2.5 - Principal,2024-01-05 11:00 AM,2024,01,05,11,18.7,65,Moderate,23.0,UG/M3,1 Hr,Valid
Bishkek,PM2.5 - Principal,2024-01-05 12:00 PM,2024,01,05,12,16.8,61,Moderate,15.0,UG/M3,1 Hr,Valid
Bishkek,PM2.5 - Principal,2024-01-05 01:00 PM,2024,01,05,13,13.4,54,Moderate,10.0,UG/M3,1 Hr,Valid
Bishkek,PM2.5 - Principal,2024-01-05 02:00 PM,2024,01,05,14,9.2,38,Good,5.0,UG/M3,1 Hr,Valid
Bishkek,PM2.5 - Principal,2024-01-05 03:00 PM,2024,01,05,15,18.6,65,Moderate,28.0,UG/M3,1 Hr,Valid
Bishkek,PM2.5 - Principal,2024-01-05 04:00 PM,2024,01,05,16,9.6,40,Good,0.7,UG/M3,1 Hr,Valid
Bishkek,PM2.5 - Principal,2024-01-05 05:00 PM,2024,01,05,17,28.8,86,Moderate,48.0,UG/M3,1 Hr,Valid
Bishkek,PM2.5 - Principal,2024-01-05 06:00 PM,2024,01,05,18,40.4,113,Unhealthy for Sensitive Groups,52.0,UG/M3,1 Hr,Valid
Bishkek,PM2.5 - Principal,2024-01-05 07:00 PM,2024,01,05,19,35.7,101,Unhealthy for Sensitive Groups,31.0,UG/M3,1 Hr,Valid
Bishkek,PM2.5 - Principal,2024-01-05 08:00 PM,2024,01,05,20,18.4,64,Moderate,1.2,UG/M3,1 Hr,Valid
Bishkek,PM2.5 - Principal,2024-01-05 09:00 PM,2024,01,05,21,46.7,129,Unhealthy for Sensitive Groups,75.0,UG/M3,1 Hr,Valid
Bishkek,PM2.5 - Principal,2024-01-05 10:00 PM,2024,01,05,22,46.8,129,Unhealthy for Sensitive Groups,47.0,UG/M3,1 Hr,Valid
Bishkek,PM2.5 - Principal,2024-01-05 11:00 PM,2024,01,05,23,23.9,76,Moderate,0.9,UG/M3,1 Hr,Valid
Bishkek,PM2.5 - Principal,2024-01-06 12:00 AM,2024,01,06,00,12.4,52,Moderate,1.0,UG/M3,1 Hr,Valid
Bishkek,PM2.5 - Principal,2024-01-06 01:00 AM,2024,01,06,01,6.9,29,Good,1.5,UG/M3,1 Hr,Valid
Bishkek,PM2.5 - Principal,2024-01-06 02:00 AM,2024,01,06,02,24.0,76,Moderate,41.0,UG/M3,1 Hr,Valid
Bishkek,PM2.5 - Principal,2024-01-06 03:00 AM,2024,01,06,03,12.3,51,Moderate,0.6,UG/M3,1 Hr,Valid
Bishkek,PM2.5 - Principal,2024-01-06 04:00 AM,2024,01,06,04,15.6,58,Moderate,19.0,UG/M3,1 Hr,Valid
Bishkek,PM2.5 - Principal,2024-01-06 05:00 AM,2024,01,06,05,8.1,34,Good,0.6,UG/M3,1 Hr,Valid
Bishkek,PM2.5 - Principal,2024-01-06 06:00 AM,2024,01,06,06,11.0,46,Good,14.0,UG/M3,1 Hr,Valid
Bishkek,PM2.5 - Principal,2024-01-06 07:00 AM,2024,01,06,07,11.0,46,Good,11.0,UG/M3,1 Hr,Valid
Bishkek,PM2.5 - Principal,2024-01-06 08:00 AM,2024,01,06,08,6.0,25,Good,1.0,UG/M3,1 Hr,Valid
Bishkek,PM2.5 - Principal,2024-01-06 09:00 AM,2024,01,06,09,3.4,14,Good,0.9,UG/M3,1 Hr,Valid
Bishkek,PM2.5 - Principal,2024-01-06 10:00 AM,2024,01,06,10,2.0,8,Good,0.6,UG/M3,1 Hr,Valid
Bishkek,PM2.5 - Principal,2024-01-06 11:00 AM,2024,01,06,11,1.5,6,Good,0.9,UG/M3,1 Hr,Valid
Bishkek,PM2.5 - Principal,2024-01-06 12:00 PM,2024,01,06,12,5.7,24,Good,10.0,UG/M3,1 Hr,Valid
Bishkek,PM2.5 - Principal,2024-01-06 01:00 PM,2024,01,06,13,3.8,16,Good,1.9,UG/M3,1 Hr,Valid
Bishkek,PM2.5 - Principal,2024-01-06 02:00 PM,2024,01,06,14,7.4,31,Good,11.0,UG/M3,1 Hr,Valid
Bishkek,PM2.5 - Principal,2024-01-06 03:00 PM,2024,01,06,15,11.7,49,Good,16.0,UG/M3,1 Hr,Valid
Bishkek,PM2.5 - Principal,2024-01-06 04:00 PM,2024,01,06,16,13.8,55,Moderate,16.0,UG/M3,1 Hr,Valid
Bishkek,PM2.5 - Principal,2024-01-06 05:00 PM,2024,01,06,17,16.4,60,Moderate,19.0,UG/M3,1 Hr,Valid
Bishkek,PM2.5 - Principal,2024-01-06 06:00 PM,2024,01,06,18,22.7,73,Moderate,29.0,UG/M3,1 Hr,Valid
Bishkek,PM2.5 - Principal,2024-01-06 07:00 PM,2024,01,06,19,22.8,74,Moderate,23.0,UG/M3,1 Hr,Valid
Bishkek,PM2.5 - Principal,2024-01-06 08:00 PM,2024,01,06,20,17.9,63,Moderate,13.0,UG/M3,1 Hr,Valid
Bishkek,PM2.5 - Principal,2024-01-06 09:00 PM,2024,01,06,21,20.4,68,Moderate,23.0,UG/M3,1 Hr,Valid
Bishkek,PM2.5 - Principal,2024-01-06 10:00 PM,2024,01,06,22,19.7,67,Moderate,19.0,UG/M3,1 Hr,Valid
Bishkek,PM2.5 - Principal,2024-01-06 11:00 PM,2024,01,06,23,14.8,57,Moderate,10.0,UG/M3,1 Hr,Valid
Bishkek,PM2.5 - Principal,2024-01-07 12:00 AM,2024,01,07,00,13.9,55,Moderate,13.0,UG/M3,1 Hr,Valid
Bishkek,PM2.5 - Principal,2024-01-07 01:00 AM,2024,01,07,01,12.4,52,Moderate,11.0,UG/M3,1 Hr,Valid
Bishkek,PM2.5 - Principal,2024-01-07 02:00 AM,2024,01,07,02,7.3,30,Good,2.2,UG/M3,1 Hr,Valid
Bishkek,PM2.5 - Principal,2024-01-07 03:00 AM,2024,01,07,03,9.1,38,Good,11.0,UG/M3,1 Hr,Valid
Bishkek,PM2.5 - Principal,2024-01-07 04:00 AM,2024,01,07,04,10.5,44,Good,12.0,UG/M3,1 Hr,Valid
Bishkek,PM2.5 - Principal,2024-01-07 05:00 AM,2024,01,07,05,8.7,36,Good,7.0,UG/M3,1 Hr,Valid
Bishkek,PM2.5 - Principal,2024-01-07 06:00 AM,2024,01,07,06,6.8,28,Good,5.0,UG/M3,1 Hr,Valid
Bishkek,PM2.5 - Principal,2024-01-07 07:00 AM,2024,01,07,07,4.9,20,Good,3.0,UG/M3,1 Hr,Valid
Bishkek,PM2.5 - Principal,2024-01-07 08:00 AM,2024,01,07,08,4.9,20,Good,5.0,UG/M3,1 Hr,Valid
Bishkek,PM2.5 - Principal,2024-01-07 09:00 AM,2024,01,07,09,5.4,23,Good,6.0,UG/M3,1 Hr,Valid
Bishkek,PM2.5 - Principal,2024-01-07 10:00 AM,2024,01,07,10,5.7,24,Good,6.0,UG/M3,1 Hr,Valid
Bishkek,PM2.5 - Principal,2024-01-07 11:00 AM,2024,01,07,11,6.8,28,Good,8.0,UG/M3,1 Hr,Valid
Bishkek,PM2.5 - Principal,2024-01-07 12:00 PM,2024,01,07,12,8.4,35,Good,10.0,UG/M3,1 Hr,Valid
Bishkek,PM2.5 - Principal,2024-01-07 01:00 PM,2024,01,07,13,12.2,51,Moderate,16.0,UG/M3,1 Hr,Valid
Bishkek,PM2.5 - Principal,2024-01-07 02:00 PM,2024,01,07,14,13.6,54,Moderate,15.0,UG/M3,1 Hr,Valid
Bishkek,PM2.5 - Principal,2024-01-07 03:00 PM,2024,01,07,15,16.3,60,Moderate,19.0,UG/M3,1 Hr,Valid
Bishkek,PM2.5 - Principal,2024-01-07 04:00 PM,2024,01,07,16,8.5,35,Good,0.7,UG/M3,1 Hr,Valid
Bishkek,PM2.5 - Principal,2024-01-07 05:00 PM,2024,01,07,17,57.2,152,Unhealthy,106.0,UG/M3,1 Hr,Valid
Bishkek,PM2.5 - Principal,2024-01-07 06:00 PM,2024,01,07,18,96.6,172,Unhealthy,136.0,UG/M3,1 Hr,Valid
Bishkek,PM2.5 - Principal,2024-01-07 07:00 PM,2024,01,07,19,71.8,159,Unhealthy,47.0,UG/M3,1 Hr,Valid
Bishkek,PM2.5 - Principal,2024-01-07 08:00 PM,2024,01,07,20,62.9,155,Unhealthy,54.0,UG/M3,1 Hr,Valid
Bishkek,PM2.5 - Principal,2024-01-07 09:00 PM,2024,01,07,21,31.8,92,Moderate,0.8,UG/M3,1 Hr,Valid
Bishkek,PM2.5 - Principal,2024-01-07 10:00 PM,2024,01,07,22,29.9,88,Moderate,28.0,UG/M3,1 Hr,Valid
Bishkek,PM2.5 - Principal,2024-01-07 11:00 PM,2024,01,07,23,32.4,94,Moderate,35.0,UG/M3,1 Hr,Valid
Bishkek,PM2.5 - Principal,2024-01-08 12:00 AM,2024,01,08,00,29.7,88,Moderate,27.0,UG/M3,1 Hr,Valid
Bishkek,PM2.5 - Principal,2024-01-08 01:00 AM,2024,01,08,01,26.8,82,Moderate,24.0,UG/M3,1 Hr,Valid
Bishkek,PM2.5 - Principal,2024-01-08 02:00 AM,2024,01,08,02,22.4,73,Moderate,18.0,UG/M3,1 Hr,Valid
Bishkek,PM2.5 - Principal,2024-01-08 03:00 AM,2024,01,08,03,11.7,49,Good,1.1,UG/M3,1 Hr,Valid
Bishkek,PM2.5 - Principal,2024-01-08 04:00 AM,2024,01,08,04,10.8,45,Good,10.0,UG/M3,1 Hr,Valid
Bishkek,PM2.5 - Principal,2024-01-08 05:00 AM,2024,01,08,05,14.9,57,Moderate,19.0,UG/M3,1 Hr,Valid
Bishkek,PM2.5 - Principal,2024-01-08 06:00 AM,2024,01,08,06,8.0,33,Good,1.2,UG/M3,1 Hr,Valid
Bishkek,PM2.5 - Principal,2024-01-08 07:00 AM,2024,01,08,07,12.5,52,Moderate,17.0,UG/M3,1 Hr,Valid
Bishkek,PM2.5 - Principal,2024-01-08 08:00 AM,2024,01,08,08,14.2,55,Moderate,16.0,UG/M3,1 Hr,Valid
Bishkek,PM2.5 - Principal,2024-01-08 09:00 AM,2024,01,08,09,19.6,67,Moderate,25.0,UG/M3,1 Hr,Valid
Bishkek,PM2.5 - Principal,2024-01-08 10:00 AM,2024,01,08,10,19.3,66,Moderate,19.0,UG/M3,1 Hr,Valid
Bishkek,PM2.5 - Principal,2024-01-08 11:00 AM,2024,01,08,11,22.1,72,Moderate,25.0,UG/M3,1 Hr,Valid
Bishkek,PM2.5 - Principal,2024-01-08 12:00 PM,2024,01,08,12,20.5,69,Moderate,19.0,UG/M3,1 Hr,Valid
Bishkek,PM2.5 - Principal,2024-01-08 01:00 PM,2024,01,08,13,17.7,63,Moderate,15.0,UG/M3,1 Hr,Valid
Bishkek,PM2.5 - Principal,2024-01-08 02:00 PM,2024,01,08,14,26.3,81,Moderate,35.0,UG/M3,1 Hr,Valid
Bishkek,PM2.5 - Principal,2024-01-08 03:00 PM,2024,01,08,15,30.2,89,Moderate,34.0,UG/M3,1 Hr,Valid
Bishkek,PM2.5 - Principal,2024-01-08 04:00 PM,2024,01,08,16,31.1,91,Moderate,32.0,UG/M3,1 Hr,Valid
Bishkek,PM2.5 - Principal,2024-01-08 05:00 PM,2024,01,08,17,28.5,85,Moderate,26.0,UG/M3,1 Hr,Valid
Bishkek,PM2.5 - Principal,2024-01-08 06:00 PM,2024,01,08,18,27.2,83,Moderate,26.0,UG/M3,1 Hr,Valid
Bishkek,PM2.5 - Principal,2024-01-08 07:00 PM,2024,01,08,19,13.9,55,Moderate,0.6,UG/M3,1 Hr,Valid
Bishkek,PM2.5 - Principal,2024-01-08 08:00 PM,2024,01,08,20,31.4,92,Moderate,49.0,UG/M3,1 Hr,Valid
Bishkek,PM2.5 - Principal,2024-01-08 09:00 PM,2024,01,08,21,36.7,104,Unhealthy for Sensitive Groups,42.0,UG/M3,1 Hr,Valid
Bishkek,PM2.5 - Principal,2024-01-08 10:00 PM,2024,01,08,22,39.8,112,Unhealthy for Sensitive Groups,43.0,UG/M3,1 Hr,Valid
Bishkek,PM2.5 - Principal,2024-01-08 11:00 PM,2024,01,08,23,43.9,122,Unhealthy for Sensitive Groups,48.0,UG/M3,1 Hr,Valid
Bishkek,PM2.5 - Principal,2024-01-09 12:00 AM,2024,01,09,00,52.4,143,Unhealthy for Sensitive Groups,61.0,UG/M3,1 Hr,Valid
Bishkek,PM2.5 - Principal,2024-01-09 01:00 AM,2024,01,09,01,63.7,155,Unhealthy,75.0,UG/M3,1 Hr,Valid
Bishkek,PM2.5 - Principal,2024-01-09 02:00 AM,2024,01,09,02,55.8,151,Unhealthy,48.0,UG/M3,1 Hr,Valid
Bishkek,PM2.5 - Principal,2024-01-09 03:00 AM,2024,01,09,03,42.4,118,Unhealthy for Sensitive Groups,29.0,UG/M3,1 Hr,Valid
Bishkek,PM2.5 - Principal,2024-01-09 04:00 AM,2024,01,09,04,32.7,94,Moderate,23.0,UG/M3,1 Hr,Valid
Bishkek,PM2.5 - Principal,2024-01-09 05:00 AM,2024,01,09,05,16.6,60,Moderate,0.6,UG/M3,1 Hr,Valid
Bishkek,PM2.5 - Principal,2024-01-09 06:00 AM,2024,01,09,06,8.9,37,Good,1.2,UG/M3,1 Hr,Valid
Bishkek,PM2.5 - Principal,2024-01-09 07:00 AM,2024,01,09,07,9.4,39,Good,10.0,UG/M3,1 Hr,Valid
Bishkek,PM2.5 - Principal,2024-01-09 08:00 AM,2024,01,09,08,7.2,30,Good,5.0,UG/M3,1 Hr,Valid
Bishkek,PM2.5 - Principal,2024-01-09 09:00 AM,2024,01,09,09,4.6,19,Good,2.0,UG/M3,1 Hr,Valid
Bishkek,PM2.5 - Principal,2024-01-09 10:00 AM,2024,01,09,10,5.3,22,Good,6.0,UG/M3,1 Hr,Valid
Bishkek,PM2.5 - Principal,2024-01-09 11:00 AM,2024,01,09,11,5.6,23,Good,6.0,UG/M3,1 Hr,Valid
Bishkek,PM2.5 - Principal,2024-01-09 12:00 PM,2024,01,09,12,6.3,26,Good,7.0,UG/M3,1 Hr,Valid
Bishkek,PM2.5 - Principal,2024-01-09 01:00 PM,2024,01,09,13,5.6,23,Good,5.0,UG/M3,1 Hr,Valid
Bishkek,PM2.5 - Principal,2024-01-09 02:00 PM,2024,01,09,14,5.8,24,Good,6.0,UG/M3,1 Hr,Valid
Bishkek,PM2.5 - Principal,2024-01-09 03:00 PM,2024,01,09,15,5.4,23,Good,5.0,UG/M3,1 Hr,Valid
Bishkek,PM2.5 - Principal,2024-01-09 04:00 PM,2024,01,09,16,4.2,18,Good,3.0,UG/M3,1 Hr,Valid
Bishkek,PM2.5 - Principal,2024-01-09 05:00 PM,2024,01,09,17,26.6,81,Moderate,49.0,UG/M3,1 Hr,Valid
Bishkek,PM2.5 - Principal,2024-01-09 06:00 PM,2024,01,09,18,42.3,118,Unhealthy for Sensitive Groups,58.0,UG/M3,1 Hr,Valid
Bishkek,PM2.5 - Principal,2024-01-09 07:00 PM,2024,01,09,19,45.1,125,Unhealthy for Sensitive Groups,48.0,UG/M3,1 Hr,Valid
Bishkek,PM2.5 - Principal,2024-01-09 08:00 PM,2024,01,09,20,30.5,90,Moderate,16.0,UG/M3,1 Hr,Valid
Bishkek,PM2.5 - Principal,2024-01-09 09:00 PM,2024,01,09,21,22.2,72,Moderate,14.0,UG/M3,1 Hr,Valid
Bishkek,PM2.5 - Principal,2024-01-09 10:00 PM,2024,01,09,22,18.1,64,Moderate,14.0,UG/M3,1 Hr,Valid
Bishkek,PM2.5 - Principal,2024-01-09 11:00 PM,2024,01,09,23,91.5,170,Unhealthy,165.0,UG/M3,1 Hr,Valid
Bishkek,PM2.5 - Principal,2024-01-10 12:00 AM,2024,01,10,00,100.8,174,Unhealthy,110.0,UG/M3,1 Hr,Valid
Bishkek,PM2.5 - Principal,2024-01-10 01:00 AM,2024,01,10,01,50.7,138,Unhealthy for Sensitive Groups,0.6,UG/M3,1 Hr,Valid
Bishkek,PM2.5 - Principal,2024-01-10 02:00 AM,2024,01,10,02,56.8,152,Unhealthy,63.0,UG/M3,1 Hr,Valid
Bishkek,PM2.5 - Principal,2024-01-10 03:00 AM,2024,01,10,03,46.9,129,Unhealthy for Sensitive Groups,37.0,UG/M3,1 Hr,Valid
Bishkek,PM2.5 - Principal,2024-01-10 04:00 AM,2024,01,10,04,40.4,113,Unhealthy for Sensitive Groups,34.0,UG/M3,1 Hr,Valid
Bishkek,PM2.5 - Principal,2024-01-10 05:00 AM,2024,01,10,05,20.5,69,Moderate,0.7,UG/M3,1 Hr,Valid
Bishkek,PM2.5 - Principal,2024-01-10 06:00 AM,2024,01,10,06,19.7,67,Moderate,19.0,UG/M3,1 Hr,Valid
Bishkek,PM2.5 - Principal,2024-01-10 07:00 AM,2024,01,10,07,14.3,56,Moderate,9.0,UG/M3,1 Hr,Valid
Bishkek,PM2.5 - Principal,2024-01-10 08:00 AM,2024,01,10,08,10.1,42,Good,6.0,UG/M3,1 Hr,Valid
Bishkek,PM2.5 - Principal,2024-01-10 09:00 AM,2024,01,10,09,7.5,31,Good,5.0,UG/M3,1 Hr,Valid
Bishkek,PM2.5 - Principal,2024-01-10 10:00 AM,2024,01,10,10,4.2,18,Good,0.9,UG/M3,1 Hr,Valid
Bishkek,PM2.5 - Principal,2024-01-10 11:00 AM,2024,01,10,11,2.7,11,Good,1.2,UG/M3,1 Hr,Valid
Bishkek,PM2.5 - Principal,2024-01-10 12:00 PM,2024,01,10,12,5.3,22,Good,8.0,UG/M3,1 Hr,Valid
Bishkek,PM2.5 - Principal,2024-01-10 01:00 PM,2024,01,10,13,9.6,40,Good,14.0,UG/M3,1 Hr,Valid
Bishkek,PM2.5 - Principal,2024-01-10 02:00 PM,2024,01,10,14,20.3,68,Moderate,31.0,UG/M3,1 Hr,Valid
Bishkek,PM2.5 - Principal,2024-01-10 03:00 PM,2024,01,10,15,27.1,83,Moderate,34.0,UG/M3,1 Hr,Valid
Bishkek,PM2.5 - Principal,2024-01-10 04:00 PM,2024,01,10,16,30.5,90,Moderate,34.0,UG/M3,1 Hr,Valid
Bishkek,PM2.5 - Principal,2024-01-10 05:00 PM,2024,01,10,17,40.7,114,Unhealthy for Sensitive Groups,51.0,UG/M3,1 Hr,Valid
Bishkek,PM2.5 - Principal,2024-01-10 06:00 PM,2024,01,10,18,20.7,69,Moderate,0.6,UG/M3,1 Hr,Valid
Bishkek,PM2.5 - Principal,2024-01-10 07:00 PM,2024,01,10,19,58.8,153,Unhealthy,97.0,UG/M3,1 Hr,Valid
Bishkek,PM2.5 - Principal,2024-01-10 08:00 PM,2024,01,10,20,29.9,88,Moderate,0.9,UG/M3,1 Hr,Valid
Bishkek,PM2.5 - Principal,2024-01-10 09:00 PM,2024,01,10,21,50.4,138,Unhealthy for Sensitive Groups,71.0,UG/M3,1 Hr,Valid
Bishkek,PM2.5 - Principal,2024-01-10 10:00 PM,2024,01,10,22,26.5,81,Moderate,2.6,UG/M3,1 Hr,Valid
Bishkek,PM2.5 - Principal,2024-01-10 11:00 PM,2024,01,10,23,44.7,124,Unhealthy for Sensitive Groups,63.0,UG/M3,1 Hr,Valid
Bishkek,PM2.5 - Principal,2024-01-11 12:00 AM,2024,01,11,00,72.9,160,Unhealthy,101.0,UG/M3,1 Hr,Valid
Bishkek,PM2.5 - Principal,2024-01-11 01:00 AM,2024,01,11,01,37.1,105,Unhealthy for Sensitive Groups,1.3,UG/M3,1 Hr,Valid
Bishkek,PM2.5 - Principal,2024-01-11 02:00 AM,2024,01,11,02,46.0,127,Unhealthy for Sensitive Groups,55.0,UG/M3,1 Hr,Valid
Bishkek,PM2.5 - Principal,2024-01-11 03:00 AM,2024,01,11,03,48.5,133,Unhealthy for Sensitive Groups,51.0,UG/M3,1 Hr,Valid
Bishkek,PM2.5 - Principal,2024-01-11 04:00 AM,2024,01,11,04,55.2,150,Unhealthy for Sensitive Groups,62.0,UG/M3,1 Hr,Valid
Bishkek,PM2.5 - Principal,2024-01-11 05:00 AM,2024,01,11,05,27.9,84,Moderate,0.7,UG/M3,1 Hr,Valid
Bishkek,PM2.5 - Principal,2024-01-11 06:00 AM,2024,01,11,06,53.0,144,Unhealthy for Sensitive Groups,78.0,UG/M3,1 Hr,Valid
Bishkek,PM2.5 - Principal,2024-01-11 07:00 AM,2024,01,11,07,27.1,83,Moderate,1.2,UG/M3,1 Hr,Valid
Bishkek,PM2.5 - Principal,2024-01-11 08:00 AM,2024,01,11,08,36.5,103,Unhealthy for Sensitive Groups,46.0,UG/M3,1 Hr,Valid
Bishkek,PM2.5 - Principal,2024-01-11 09:00 AM,2024,01,11,09,35.7,101,Unhealthy for Sensitive Groups,35.0,UG/M3,1 Hr,Valid
Bishkek,PM2.5 - Principal,2024-01-11 10:00 AM,2024,01,11,10,40.8,114,Unhealthy for Sensitive Groups,46.0,UG/M3,1 Hr,Valid
Bishkek,PM2.5 - Principal,2024-01-11 11:00 AM,2024,01,11,11,45.9,127,Unhealthy for Sensitive Groups,51.0,UG/M3,1 Hr,Valid
Bishkek,PM2.5 - Principal,2024-01-11 12:00 PM,2024,01,11,12,45.4,125,Unhealthy for Sensitive Groups,45.0,UG/M3,1 Hr,Valid
Bishkek,PM2.5 - Principal,2024-01-11 01:00 PM,2024,01,11,13,41.2,115,Unhealthy for Sensitive Groups,37.0,UG/M3,1 Hr,Valid
Bishkek,PM2.5 - Principal,2024-01-11 02:00 PM,2024,01,11,14,39.1,110,Unhealthy for Sensitive Groups,37.0,UG/M3,1 Hr,Valid
Bishkek,PM2.5 - Principal,2024-01-11 03:00 PM,2024,01,11,15,40.5,113,Unhealthy for Sensitive Groups,42.0,UG/M3,1 Hr,Valid
Bishkek,PM2.5 - Principal,2024-01-11 04:00 PM,2024,01,11,16,38.7,109,Unhealthy for Sensitive Groups,37.0,UG/M3,1 Hr,Valid
Bishkek,PM2.5 - Principal,2024-01-11 05:00 PM,2024,01,11,17,20.6,69,Moderate,2.4,UG/M3,1 Hr,Valid
Bishkek,PM2.5 - Principal,2024-01-11 06:00 PM,2024,01,11,18,22.3,72,Moderate,24.0,UG/M3,1 Hr,Valid
Bishkek,PM2.5 - Principal,2024-01-11 07:00 PM,2024,01,11,19,19.6,67,Moderate,17.0,UG/M3,1 Hr,Valid
Bishkek,PM2.5 - Principal,2024-01-11 08:00 PM,2024,01,11,20,14.8,57,Moderate,10.0,UG/M3,1 Hr,Valid
Bishkek,PM2.5 - Principal,2024-01-11 09:00 PM,2024,01,11,21,9.2,38,Good,3.6,UG/M3,1 Hr,Valid
Bishkek,PM2.5 - Principal,2024-01-11 10:00 PM,2024,01,11,22,6.1,25,Good,3.0,UG/M3,1 Hr,Valid
Bishkek,PM2.5 - Principal,2024-01-11 11:00 PM,2024,01,11,23,4.0,17,Good,2.0,UG/M3,1 Hr,Valid
Bishkek,PM2.5 - Principal,2024-01-12 12:00 AM,2024,01,12,00,3.0,13,Good,2.0,UG/M3,1 Hr,Valid
Bishkek,PM2.5 - Principal,2024-01-12 01:00 AM,2024,01,12,01,2.4,10,Good,1.9,UG/M3,1 Hr,Valid
Bishkek,PM2.5 - Principal,2024-01-12 02:00 AM,2024,01,12,02,5.2,22,Good,8.0,UG/M3,1 Hr,Valid
Bishkek,PM2.5 - Principal,2024-01-12 03:00 AM,2024,01,12,03,3.1,13,Good,1.0,UG/M3,1 Hr,Valid
Bishkek,PM2.5 - Principal,2024-01-12 04:00 AM,2024,01,12,04,2.2,9,Good,1.4,UG/M3,1 Hr,Valid
Bishkek,PM2.5 - Principal,2024-01-12 05:00 AM,2024,01,12,05,0.1,0,Good,-2.0,UG/M3,1 Hr,Valid
Bishkek,PM2.5 - Principal,2024-01-12 06:00 AM,2024,01,12,06,0.0,0,Good,0.0,UG/M3,1 Hr,Valid
Bishkek,PM2.5 - Principal,2024-01-12 07:00 AM,2024,01,12,07,0.0,0,Good,-2.0,UG/M3,1 Hr,Valid
Bishkek,PM2.5 - Principal,2024-01-12 08:00 AM,2024,01,12,08,0.1,0,Good,1.1,UG/M3,1 Hr,Valid
Bishkek,PM2.5 - Principal,2024-01-12 09:00 AM,2024,01,12,09,0.0,0,Good,-1.0,UG/M3,1 Hr,Valid
Bishkek,PM2.5 - Principal,2024-01-12 10:00 AM,2024,01,12,10,0.7,3,Good,2.0,UG/M3,1 Hr,Valid
Bishkek,PM2.5 - Principal,2024-01-12 11:00 AM,2024,01,12,11,0.9,4,Good,1.0,UG/M3,1 Hr,Valid
Bishkek,PM2.5 - Principal,2024-01-12 12:00 PM,2024,01,12,12,0.9,4,Good,-999.0,UG/M3,1 Hr,Missing
Bishkek,PM2.5 - Principal,2024-01-12 01:00 PM,2024,01,12,13,5.6,23,Good,8.0,UG/M3,1 Hr,Valid
Bishkek,PM2.5 - Principal,2024-01-12 02:00 PM,2024,01,12,14,7.5,31,Good,9.0,UG/M3,1 Hr,Valid
Bishkek,PM2.5 - Principal,2024-01-12 03:00 PM,2024,01,12,15,7.2,30,Good,7.0,UG/M3,1 Hr,Valid
Bishkek,PM2.5 - Principal,2024-01-12 04:00 PM,2024,01,12,16,4.5,19,Good,2.0,UG/M3,1 Hr,Valid
Bishkek,PM2.5 - Principal,2024-01-12 05:00 PM,2024,01,12,17,2.2,9,Good,0.0,UG/M3,1 Hr,Valid
Bishkek,PM2.5 - Principal,2024-01-12 06:00 PM,2024,01,12,18,3.6,15,Good,5.0,UG/M3,1 Hr,Valid
Bishkek,PM2.5 - Principal,2024-01-12 07:00 PM,2024,01,12,19,7.3,30,Good,11.0,UG/M3,1 Hr,Valid
Bishkek,PM2.5 - Principal,2024-01-12 08:00 PM,2024,01,12,20,18.1,64,Moderate,29.0,UG/M3,1 Hr,Valid
Bishkek,PM2.5 - Principal,2024-01-12 09:00 PM,2024,01,12,21,90.1,169,Unhealthy,162.0,UG/M3,1 Hr,Valid
Bishkek,PM2.5 - Principal,2024-01-12 10:00 PM,2024,01,12,22,111.1,180,Unhealthy,132.0,UG/M3,1 Hr,Valid
Bishkek,PM2.5 - Principal,2024-01-12 11:00 PM,2024,01,12,23,55.8,151,Unhealthy,0.5,UG/M3,1 Hr,Valid
Bishkek,PM2.5 - Principal,2024-01-13 12:00 AM,2024,01,13,00,34.4,98,Moderate,13.0,UG/M3,1 Hr,Valid
Bishkek,PM2.5 - Principal,2024-01-13 01:00 AM,2024,01,13,01,24.7,77,Moderate,15.0,UG/M3,1 Hr,Valid
Bishkek,PM2.5 - Principal,2024-01-13 02:00 AM,2024,01,13,02,58.3,152,Unhealthy,92.0,UG/M3,1 Hr,Valid
Bishkek,PM2.5 - Principal,2024-01-13 03:00 AM,2024,01,13,03,38.1,107,Unhealthy for Sensitive Groups,18.0,UG/M3,1 Hr,Valid
Bishkek,PM2.5 - Principal,2024-01-13 04:00 AM,2024,01,13,04,19.4,66,Moderate,0.7,UG/M3,1 Hr,Valid
Bishkek,PM2.5 - Principal,2024-01-13 05:00 AM,2024,01,13,05,11.2,47,Good,3.0,UG/M3,1 Hr,Valid
Bishkek,PM2.5 - Principal,2024-01-13 06:00 AM,2024,01,13,06,5.6,23,Good,0.0,UG/M3,1 Hr,Valid
Bishkek,PM2.5 - Principal,2024-01-13 07:00 AM,2024,01,13,07,5.8,24,Good,6.0,UG/M3,1 Hr,Valid
Bishkek,PM2.5 - Principal,2024-01-13 08:00 AM,2024,01,13,08,5.9,25,Good,6.0,UG/M3,1 Hr,Valid
Bishkek,PM2.5 - Principal,2024-01-13 09:00 AM,2024,01,13,09,7.9,33,Good,10.0,UG/M3,1 Hr,Valid
Bishkek,PM2.5 - Principal,2024-01-13 10:00 AM,2024,01,13,10,9.4,39,Good,11.0,UG/M3,1 Hr,Valid
Bishkek,PM2.5 - Principal,2024-01-13 11:00 AM,2024,01,13,11,9.7,40,Good,10.0,UG/M3,1 Hr,Valid
Bishkek,PM2.5 - Principal,2024-01-13 12:00 PM,2024,01,13,12,9.8,41,Good,10.0,UG/M3,1 Hr,Valid
Bishkek,PM2.5 - Principal,2024-01-13 01:00 PM,2024,01,13,13,25.4,79,Moderate,41.0,UG/M3,1 Hr,Valid
Bishkek,PM2.5 - Principal,2024-01-13 02:00 PM,2024,01,13,14,44.2,122,Unhealthy for Sensitive Groups,63.0,UG/M3,1 Hr,Valid
Bishkek,PM2.5 - Principal,2024-01-13 03:00 PM,2024,01,13,15,39.1,110,Unhealthy for Sensitive Groups,34.0,UG/M3,1 Hr,Valid
Bishkek,PM2.5 - Principal,2024-01-13 04:00 PM,2024,01,13,16,19.9,67,Moderate,0.7,UG/M3,1 Hr,Valid
Bishkek,PM2.5 - Principal,2024-01-13 05:00 PM,2024,01,13,17,10.2,43,Good,0.6,UG/M3,1 Hr,Valid
Bishkek,PM2.5 - Principal,2024-01-13 06:00 PM,2024,01,13,18,20.6,69,Moderate,31.0,UG/M3,1 Hr,Valid
Bishkek,PM2.5 - Principal,2024-01-13 07:00 PM,2024,01,13,19,24.8,78,Moderate,29.0,UG/M3,1 Hr,Valid
Bishkek,PM2.5 - Principal,2024-01-13 08:00 PM,2024,01,13,20,12.7,52,Moderate,0.6,UG/M3,1 Hr,Valid
Bishkek,PM2.5 - Principal,2024-01-13 09:00 PM,2024,01,13,21,20.3,68,Moderate,28.0,UG/M3,1 Hr,Valid
Bishkek,PM2.5 - Principal,2024-01-13 10:00 PM,2024,01,13,22,26.6,81,Moderate,33.0,UG/M3,1 Hr,Valid
Bishkek,PM2.5 - Principal,2024-01-13 11:00 PM,2024,01,13,23,35.3,100,Moderate,44.0,UG/M3,1 Hr,Valid
Bishkek,PM2.5 - Principal,2024-01-14 12:00 AM,2024,01,14,00,18.1,64,Moderate,0.9,UG/M3,1 Hr,Valid
Bishkek,PM2.5 - Principal,2024-01-14 01:00 AM,2024,01,14,01,20.5,69,Moderate,23.0,UG/M3,1 Hr,Valid
Bishkek,PM2.5 - Principal,2024-01-14 02:00 AM,2024,01,14,02,10.6,44,Good,0.7,UG/M3,1 Hr,Valid
Bishkek,PM2.5 - Principal,2024-01-14 03:00 AM,2024,01,14,03,13.8,55,Moderate,17.0,UG/M3,1 Hr,Valid
Bishkek,PM2.5 - Principal,2024-01-14 04:00 AM,2024,01,14,04,14.4,56,Moderate,15.0,UG/M3,1 Hr,Valid
Bishkek,PM2.5 - Principal,2024-01-14 05:00 AM,2024,01,14,05,8.0,33,Good,1.7,UG/M3,1 Hr,Valid
Bishkek,PM2.5 - Principal,2024-01-14 06:00 AM,2024,01,14,06,4.5,19,Good,1.0,UG/M3,1 Hr,Valid
Bishkek,PM2.5 - Principal,2024-01-14 07:00 AM,2024,01,14,07,3.7,15,Good,3.0,UG/M3,1 Hr,Valid
Bishkek,PM2.5 - Principal,2024-01-14 08:00 AM,2024,01,14,08,3.8,16,Good,4.0,UG/M3,1 Hr,Valid
Bishkek,PM2.5 - Principal,2024-01-14 09:00 AM,2024,01,14,09,3.4,14,Good,3.0,UG/M3,1 Hr,Valid
Bishkek,PM2.5 - Principal,2024-01-14 10:00 AM,2024,01,14,10,2.2,9,Good,1.0,UG/M3,1 Hr,Valid
Bishkek,PM2.5 - Principal,2024-01-14 11:00 AM,2024,01,14,11,1.6,7,Good,1.1,UG/M3,1 Hr,Valid
Bishkek,PM2.5 - Principal,2024-01-14 12:00 PM,2024,01,14,12,1.8,8,Good,2.0,UG/M3,1 Hr,Valid
Bishkek,PM2.5 - Principal,2024-01-14 01:00 PM,2024,01,14,13,2.9,12,Good,4.0,UG/M3,1 Hr,Valid
Bishkek,PM2.5 - Principal,2024-01-14 02:00 PM,2024,01,14,14,7.4,31,Good,12.0,UG/M3,1 Hr,Valid
Bishkek,PM2.5 - Principal,2024-01-14 03:00 PM,2024,01,14,15,4.3,18,Good,1.2,UG/M3,1 Hr,Valid
Bishkek,PM2.5 - Principal,2024-01-14 04:00 PM,2024,01,14,16,12.1,51,Moderate,20.0,UG/M3,1 Hr,Valid
Bishkek,PM2.5 - Principal,2024-01-14 05:00 PM,2024,01,14,17,17.5,62,Moderate,23.0,UG/M3,1 Hr,Valid
Bishkek,PM2.5 - Principal,2024-01-14 06:00 PM,2024,01,14,18,22.7,73,Moderate,28.0,UG/M3,1 Hr,Valid
Bishkek,PM2.5 - Principal,2024-01-14 07:00 PM,2024,01,14,19,12.9,53,Moderate,3.0,UG/M3,1 Hr,Valid
Bishkek,PM2.5 - Principal,2024-01-14 08:00 PM,2024,01,14,20,15.4,58,Moderate,18.0,UG/M3,1 Hr,Valid
Bishkek,PM2.5 - Principal,2024-01-14 09:00 PM,2024,01,14,21,11.7,49,Good,8.0,UG/M3,1 Hr,Valid
Bishkek,PM2.5 - Principal,2024-01-14 10:00 PM,2024,01,14,22,7.7,32,Good,3.7,UG/M3,1 Hr,Valid
Bishkek,PM2.5 - Principal,2024-01-14 11:00 PM,2024,01,14,23,5.8,24,Good,4.0,UG/M3,1 Hr,Valid
Bishkek,PM2.5 - Principal,2024-01-15 12:00 AM,2024,01,15,00,4.2,18,Good,2.7,UG/M3,1 Hr,Valid
Bishkek,PM2.5 - Principal,2024-01-15 01:00 AM,2024,01,15,01,8.6,36,Good,13.0,UG/M3,1 Hr,Valid
Bishkek,PM2.5 - Principal,2024-01-15 02:00 AM,2024,01,15,02,8.8,37,Good,9.0,UG/M3,1 Hr,Valid
Bishkek,PM2.5 - Principal,2024-01-15 03:00 AM,2024,01,15,03,6.9,29,Good,5.0,UG/M3,1 Hr,Valid
Bishkek,PM2.5 - Principal,2024-01-15 04:00 AM,2024,01,15,04,4.5,19,Good,2.2,UG/M3,1 Hr,Valid
Bishkek,PM2.5 - Principal,2024-01-15 05:00 AM,2024,01,15,05,4.7,20,Good,5.0,UG/M3,1 Hr,Valid
Bishkek,PM2.5 - Principal,2024-01-15 06:00 AM,2024,01,15,06,6.8,28,Good,9.0,UG/M3,1 Hr,Valid
Bishkek,PM2.5 - Principal,2024-01-15 07:00 AM,2024,01,15,07,9.4,39,Good,12.0,UG/M3,1 Hr,Valid
Bishkek,PM2.5 - Principal,2024-01-15 08:00 AM,2024,01,15,08,10.2,43,Good,11.0,UG/M3,1 Hr,Valid
Bishkek,PM2.5 - Principal,2024-01-15 09:00 AM,2024,01,15,09,25.6,79,Moderate,41.0,UG/M3,1 Hr,Valid
Bishkek,PM2.5 - Principal,2024-01-15 10:00 AM,2024,01,15,10,14.0,55,Moderate,2.4,UG/M3,1 Hr,Valid
Bishkek,PM2.5 - Principal,2024-01-15 11:00 AM,2024,01,15,11,8.0,33,Good,2.1,UG/M3,1 Hr,Valid
Bishkek,PM2.5 - Principal,2024-01-15 12:00 PM,2024,01,15,12,5.4,23,Good,2.8,UG/M3,1 Hr,Valid
Bishkek,PM2.5 - Principal,2024-01-15 01:00 PM,2024,01,15,13,4.0,17,Good,2.5,UG/M3,1 Hr,Valid
Bishkek,PM2.5 - Principal,2024-01-15 02:00 PM,2024,01,15,14,12.5,52,Moderate,21.0,UG/M3,1 Hr,Valid
Bishkek,PM2.5 - Principal,2024-01-15 03:00 PM,2024,01,15,15,21.7,71,Moderate,31.0,UG/M3,1 Hr,Valid
Bishkek,PM2.5 - Principal,2024-01-15 04:00 PM,2024,01,15,16,31.8,92,Moderate,42.0,UG/M3,1 Hr,Valid
Bishkek,PM2.5 - Principal,2024-01-15 05:00 PM,2024,01,15,17,16.8,61,Moderate,1.7,UG/M3,1 Hr,Valid
Bishkek,PM2.5 - Principal,2024-01-15 06:00 PM,2024,01,15,18,21.4,71,Moderate,26.0,UG/M3,1 Hr,Valid
Bishkek,PM2.5 - Principal,2024-01-15 07:00 PM,2024,01,15,19,27.2,83,Moderate,33.0,UG/M3,1 Hr,Valid
Bishkek,PM2.5 - Principal,2024-01-15 08:00 PM,2024,01,15,20,13.9,55,Moderate,0.7,UG/M3,1 Hr,Valid
Bishkek,PM2.5 - Principal,2024-01-15 09:00 PM,2024,01,15,21,23.9,76,Moderate,34.0,UG/M3,1 Hr,Valid
Bishkek,PM2.5 - Principal,2024-01-15 10:00 PM,2024,01,15,22,32.9,95,Moderate,42.0,UG/M3,1 Hr,Valid
Bishkek,PM2.5 - Principal,2024-01-15 11:00 PM,2024,01,15,23,40.0,112,Unhealthy for Sensitive Groups,47.0,UG/M3,1 Hr,Valid
Bishkek,PM2.5 - Principal,2024-01-16 12:00 AM,2024,01,16,00,35.0,99,Moderate,30.0,UG/M3,1 Hr,Valid
Bishkek,PM2.5 - Principal,2024-01-16 01:00 AM,2024,01,16,01,38.5,108,Unhealthy for Sensitive Groups,42.0,UG/M3,1 Hr,Valid
Bishkek,PM2.5 - Principal,2024-01-16 02:00 AM,2024,01,16,02,42.7,119,Unhealthy for Sensitive Groups,47.0,UG/M3,1 Hr,Valid
Bishkek,PM2.5 - Principal,2024-01-16 03:00 AM,2024,01,16,03,21.6,71,Moderate,0.6,UG/M3,1 Hr,Valid
Bishkek,PM2.5 - Principal,2024-01-16 04:00 AM,2024,01,16,04,32.3,93,Moderate,43.0,UG/M3,1 Hr,Valid
Bishkek,PM2.5 - Principal,2024-01-16 05:00 AM,2024,01,16,05,16.6,60,Moderate,1.0,UG/M3,1 Hr,Valid
Bishkek,PM2.5 - Principal,2024-01-16 06:00 AM,2024,01,16,06,23.3,75,Moderate,30.0,UG/M3,1 Hr,Valid
Bishkek,PM2.5 - Principal,2024-01-16 07:00 AM,2024,01,16,07,35.6,101,Unhealthy for Sensitive Groups,48.0,UG/M3,1 Hr,Valid
Bishkek,PM2.5 - Principal,2024-01-16 08:00 AM,2024,01,16,08,18.3,64,Moderate,0.9,UG/M3,1 Hr,Valid
Bishkek,PM2.5 - Principal,2024-01-16 09:00 AM,2024,01,16,09,9.5,40,Good,0.7,UG/M3,1 Hr,Valid
Bishkek,PM2.5 - Principal,2024-01-16 10:00 AM,2024,01,16,10,47.7,131,Unhealthy for Sensitive Groups,86.0,UG/M3,1 Hr,Valid
Bishkek,PM2.5 - Principal,2024-01-16 11:00 AM,2024,01,16,11,70.3,159,Unhealthy,93.0,UG/M3,1 Hr,Valid
Bishkek,PM2.5 - Principal,2024-01-16 12:00 PM,2024,01,16,12,84.2,166,Unhealthy,98.0,UG/M3,1 Hr,Valid
Bishkek,PM2.5 - Principal,2024-01-16 01:00 PM,2024,01,16,13,42.7,119,Unhealthy for Sensitive Groups,1.3,UG/M3,1 Hr,Valid
Bishkek,PM2.5 - Principal,2024-01-16 02:00 PM,2024,01,16,14,88.4,168,Unhealthy,134.0,UG/M3,1 Hr,Valid
Bishkek,PM2.5 - Principal,2024-01-16 03:00 PM,2024,01,16,15,116.7,183,Unhealthy,145.0,UG/M3,1 Hr,Valid
Bishkek,PM2.5 - Principal,2024-01-16 04:00 PM,2024,01,16,16,113.8,181,Unhealthy,111.0,UG/M3,1 Hr,Valid
Bishkek,PM2.5 - Principal,2024-01-16 05:00 PM,2024,01,16,17,105.9,177,Unhealthy,98.0,UG/M3,1 Hr,Valid
Bishkek,PM2.5 - Principal,2024-01-16 06:00 PM,2024,01,16,18,53.6,146,Unhealthy for Sensitive Groups,1.4,UG/M3,1 Hr,Valid
Bishkek,PM2.5 - Principal,2024-01-16 07:00 PM,2024,01,16,19,27.2,83,Moderate,0.8,UG/M3,1 Hr,Valid
Bishkek,PM2.5 - Principal,2024-01-16 08:00 PM,2024,01,16,20,67.1,157,Unhealthy,107.0,UG/M3,1 Hr,Valid
Bishkek,PM2.5 - Principal,2024-01-16 09:00 PM,2024,01,16,21,94.0,171,Unhealthy,121.0,UG/M3,1 Hr,Valid
Bishkek,PM2.5 - Principal,2024-01-16 10:00 PM,2024,01,16,22,110.0,179,Unhealthy,126.0,UG/M3,1 Hr,Valid
Bishkek,PM2.5 - Principal,2024-01-16 11:00 PM,2024,01,16,23,86.5,167,Unhealthy,63.0,UG/M3,1 Hr,Valid
Bishkek,PM2.5 - Principal,2024-01-17 12:00 AM,2024,01,17,00,71.7,159,Unhealthy,57.0,UG/M3,1 Hr,Valid
Bishkek,PM2.5 - Principal,2024-01-17 01:00 AM,2024,01,17,01,46.3,128,Unhealthy for Sensitive Groups,21.0,UG/M3,1 Hr,Valid
Bishkek,PM2.5 - Principal,2024-01-17 02:00 AM,2024,01,17,02,35.1,99,Moderate,24.0,UG/M3,1 Hr,Valid
Bishkek,PM2.5 - Principal,2024-01-17 03:00 AM,2024,01,17,03,28.0,84,Moderate,21.0,UG/M3,1 Hr,Valid
Bishkek,PM2.5 - Principal,2024-01-17 04:00 AM,2024,01,17,04,14.6,56,Moderate,1.3,UG/M3,1 Hr,Valid
Bishkek,PM2.5 - Principal,2024-01-17 05:00 AM,2024,01,17,05,16.8,61,Moderate,19.0,UG/M3,1 Hr,Valid
Bishkek,PM2.5 - Principal,2024-01-17 06:00 AM,2024,01,17,06,21.4,71,Moderate,26.0,UG/M3,1 Hr,Valid
Bishkek,PM2.5 - Principal,2024-01-17 07:00 AM,2024,01,17,07,12.7,52,Moderate,4.1,UG/M3,1 Hr,Valid
Bishkek,PM2.5 - Principal,2024-01-17 08:00 AM,2024,01,17,08,21.3,70,Moderate,30.0,UG/M3,1 Hr,Valid
Bishkek,PM2.5 - Principal,2024-01-17 09:00 AM,2024,01,17,09,14.2,55,Moderate,7.1,UG/M3,1 Hr,Valid
Bishkek,PM2.5 - Principal,2024-01-17 10:00 AM,2024,01,17,10,10.6,44,Good,7.1,UG/M3,1 Hr,Valid
Bishkek,PM2.5 - Principal,2024-01-17 11:00 AM,2024,01,17,11,66.8,157,Unhealthy,123.0,UG/M3,1 Hr,Valid
Bishkek,PM2.5 - Principal,2024-01-17 12:00 PM,2024,01,17,12,103.4,176,Unhealthy,140.0,UG/M3,1 Hr,Valid
Bishkek,PM2.5 - Principal,2024-01-17 01:00 PM,2024,01,17,13,125.2,187,Unhealthy,147.0,UG/M3,1 Hr,Valid
Bishkek,PM2.5 - Principal,2024-01-17 02:00 PM,2024,01,17,14,141.6,195,Unhealthy,158.0,UG/M3,1 Hr,Valid
Bishkek,PM2.5 - Principal,2024-01-17 03:00 PM,2024,01,17,15,144.8,197,Unhealthy,148.0,UG/M3,1 Hr,Valid
Bishkek,PM2.5 - Principal,2024-01-17 04:00 PM,2024,01,17,16,125.9,187,Unhealthy,107.0,UG/M3,1 Hr,Valid
Bishkek,PM2.5 - Principal,2024-01-17 05:00 PM,2024,01,17,17,103.9,176,Unhealthy,82.0,UG/M3,1 Hr,Valid
Bishkek,PM2.5 - Principal,2024-01-17 06:00 PM,2024,01,17,18,92.4,170,Unhealthy,81.0,UG/M3,1 Hr,Valid
Bishkek,PM2.5 - Principal,2024-01-17 07:00 PM,2024,01,17,19,101.2,175,Unhealthy,110.0,UG/M3,1 Hr,Valid
Bishkek,PM2.5 - Principal,2024-01-17 08:00 PM,2024,01,17,20,50.8,139,Unhealthy for Sensitive Groups,0.3,UG/M3,1 Hr,Valid
Bishkek,PM2.5 - Principal,2024-01-17 09:00 PM,2024,01,17,21,115.4,182,Unhealthy,180.0,UG/M3,1 Hr,Valid
Bishkek,PM2.5 - Principal,2024-01-17 10:00 PM,2024,01,17,22,159.7,210,Very Unhealthy,204.0,UG/M3,1 Hr,Valid
Bishkek,PM2.5 - Principal,2024-01-17 11:00 PM,2024,01,17,23,171.8,222,Very Unhealthy,184.0,UG/M3,1 Hr,Valid
Bishkek,PM2.5 - Principal,2024-01-18 12:00 AM,2024,01,18,00,171.9,222,Very Unhealthy,172.0,UG/M3,1 Hr,Valid
Bishkek,PM2.5 - Principal,2024-01-18 01:00 AM,2024,01,18,01,86.2,167,Unhealthy,0.4,UG/M3,1 Hr,Valid
Bishkek,PM2.5 - Principal,2024-01-18 02:00 AM,2024,01,18,02,82.5,165,Unhealthy,79.0,UG/M3,1 Hr,Valid
Bishkek,PM2.5 - Principal,2024-01-18 03:00 AM,2024,01,18,03,47.7,131,Unhealthy for Sensitive Groups,13.0,UG/M3,1 Hr,Valid
Bishkek,PM2.5 - Principal,2024-01-18 04:00 AM,2024,01,18,04,27.3,83,Moderate,7.0,UG/M3,1 Hr,Valid
Bishkek,PM2.5 - Principal,2024-01-18 05:00 AM,2024,01,18,05,15.1,57,Moderate,3.0,UG/M3,1 Hr,Valid
Bishkek,PM2.5 - Principal,2024-01-18 06:00 AM,2024,01,18,06,9.5,40,Good,4.0,UG/M3,1 Hr,Valid
Bishkek,PM2.5 - Principal,2024-01-18 07:00 AM,2024,01,18,07,5.7,24,Good,2.0,UG/M3,1 Hr,Valid
Bishkek,PM2.5 - Principal,2024-01-18 08:00 AM,2024,01,18,08,3.3,14,Good,1.0,UG/M3,1 Hr,Valid
Bishkek,PM2.5 - Principal,2024-01-18 09:00 AM,2024,01,18,09,2.1,9,Good,1.0,UG/M3,1 Hr,Valid
Bishkek,PM2.5 - Principal,2024-01-18 10:00 AM,2024,01,18,10,1.8,8,Good,1.5,UG/M3,1 Hr,Valid
Bishkek,PM2.5 - Principal,2024-01-18 11:00 AM,2024,01,18,11,3.8,16,Good,6.0,UG/M3,1 Hr,Valid
Bishkek,PM2.5 - Principal,2024-01-18 12:00 PM,2024,01,18,12,5.4,23,Good,7.0,UG/M3,1 Hr,Valid
Bishkek,PM2.5 - Principal,2024-01-18 01:00 PM,2024,01,18,13,5.7,24,Good,6.0,UG/M3,1 Hr,Valid
Bishkek,PM2.5 - Principal,2024-01-18 02:00 PM,2024,01,18,14,121.3,185,Unhealthy,237.0,UG/M3,1 Hr,Valid
Bishkek,PM2.5 - Principal,2024-01-18 03:00 PM,2024,01,18,15,211.7,262,Very Unhealthy,302.0,UG/M3,1 Hr,Valid
Bishkek,PM2.5 - Principal,2024-01-18 04:00 PM,2024,01,18,16,161.3,212,Very Unhealthy,111.0,UG/M3,1 Hr,Valid
Bishkek,PM2.5 - Principal,2024-01-18 05:00 PM,2024,01,18,17,104.6,176,Unhealthy,48.0,UG/M3,1 Hr,Valid
Bishkek,PM2.5 - Principal,2024-01-18 06:00 PM,2024,01,18,18,61.8,154,Unhealthy,19.0,UG/M3,1 Hr,Valid
Bishkek,PM2.5 - Principal,2024-01-18 07:00 PM,2024,01,18,19,37.9,107,Unhealthy for Sensitive Groups,14.0,UG/M3,1 Hr,Valid
Bishkek,PM2.5 - Principal,2024-01-18 08:00 PM,2024,01,18,20,26.4,81,Moderate,15.0,UG/M3,1 Hr,Valid
Bishkek,PM2.5 - Principal,2024-01-18 09:00 PM,2024,01,18,21,18.7,65,Moderate,11.0,UG/M3,1 Hr,Valid
Bishkek,PM2.5 - Principal,2024-01-18 10:00 PM,2024,01,18,22,14.3,56,Moderate,10.0,UG/M3,1 Hr,Valid
Bishkek,PM2.5 - Principal,2024-01-18 11:00 PM,2024,01,18,23,13.1,53,Moderate,12.0,UG/M3,1 Hr,Valid
Bishkek,PM2.5 - Principal,2024-01-19 12:00 AM,2024,01,19,00,9.5,40,Good,6.0,UG/M3,1 Hr,Valid
Bishkek,PM2.5 - Principal,2024-01-19 01:00 AM,2024,01,19,01,7.7,32,Good,6.0,UG/M3,1 Hr,Valid
Bishkek,PM2.5 - Principal,2024-01-19 02:00 AM,2024,01,19,02,6.3,26,Good,5.0,UG/M3,1 Hr,Valid
Bishkek,PM2.5 - Principal,2024-01-19 03:00 AM,2024,01,19,03,4.1,17,Good,2.0,UG/M3,1 Hr,Valid
Bishkek,PM2.5 - Principal,2024-01-19 04:00 AM,2024,01,19,04,1.0,4,Good,-2.0,UG/M3,1 Hr,Valid
Bishkek,PM2.5 - Principal,2024-01-19 05:00 AM,2024,01,19,05,1.4,6,Good,1.8,UG/M3,1 Hr,Valid
Bishkek,PM2.5 - Principal,2024-01-19 06:00 AM,2024,01,19,06,1.3,5,Good,1.3,UG/M3,1 Hr,Valid
Bishkek,PM2.5 - Principal,2024-01-19 07:00 AM,2024,01,19,07,0.0,0,Good,-3.0,UG/M3,1 Hr,Valid
Bishkek,PM2.5 - Principal,2024-01-19 08:00 AM,2024,01,19,08,0.0,0,Good,-3.0,UG/M3,1 Hr,Valid
Bishkek,PM2.5 - Principal,2024-01-19 09:00 AM,2024,01,19,09,0.0,0,Good,-999.0,UG/M3,1 Hr,Missing
Bishkek,PM2.5 - Principal,2024-01-19 10:00 AM,2024,01,19,10,0.0,0,Good,0.0,UG/M3,1 Hr,Valid
Bishkek,PM2.5 - Principal,2024-01-19 11:00 AM,2024,01,19,11,0.2,1,Good,1.0,UG/M3,1 Hr,Valid
Bishkek,PM2.5 - Principal,2024-01-19 12:00 PM,2024,01,19,12,3.3,14,Good,6.0,UG/M3,1 Hr,Valid
Bishkek,PM2.5 - Principal,2024-01-19 01:00 PM,2024,01,19,13,4.1,17,Good,5.0,UG/M3,1 Hr,Valid
Bishkek,PM2.5 - Principal,2024-01-19 02:00 PM,2024,01,19,14,10.1,42,Good,16.0,UG/M3,1 Hr,Valid
Bishkek,PM2.5 - Principal,2024-01-19 03:00 PM,2024,01,19,15,17.6,63,Moderate,25.0,UG/M3,1 Hr,Valid
Bishkek,PM2.5 - Principal,2024-01-19 04:00 PM,2024,01,19,16,21.3,70,Moderate,25.0,UG/M3,1 Hr,Valid
Bishkek,PM2.5 - Principal,2024-01-19 05:00 PM,2024,01,19,17,29.6,88,Moderate,38.0,UG/M3,1 Hr,Valid
Bishkek,PM2.5 - Principal,2024-01-19 06:00 PM,2024,01,19,18,37.3,105,Unhealthy for Sensitive Groups,45.0,UG/M3,1 Hr,Valid
Bishkek,PM2.5 - Principal,2024-01-19 07:00 PM,2024,01,19,19,37.6,106,Unhealthy for Sensitive Groups,38.0,UG/M3,1 Hr,Valid
Bishkek,PM2.5 - Principal,2024-01-19 08:00 PM,2024,01,19,20,20.1,68,Moderate,2.5,UG/M3,1 Hr,Valid
Bishkek,PM2.5 - Principal,2024-01-19 09:00 PM,2024,01,19,21,30.5,90,Moderate,41.0,UG/M3,1 Hr,Valid
Bishkek,PM2.5 - Principal,2024-01-19 10:00 PM,2024,01,19,22,24.7,77,Moderate,19.0,UG/M3,1 Hr,Valid
Bishkek,PM2.5 - Principal,2024-01-19 11:00 PM,2024,01,19,23,23.3,75,Moderate,22.0,UG/M3,1 Hr,Valid
Bishkek,PM2.5 - Principal,2024-01-20 12:00 AM,2024,01,20,00,23.1,74,Moderate,23.0,UG/M3,1 Hr,Valid
Bishkek,PM2.5 - Principal,2024-01-20 01:00 AM,2024,01,20,01,20.1,68,Moderate,17.0,UG/M3,1 Hr,Valid
Bishkek,PM2.5 - Principal,2024-01-20 02:00 AM,2024,01,20,02,16.5,60,Moderate,13.0,UG/M3,1 Hr,Valid
Bishkek,PM2.5 - Principal,2024-01-20 03:00 AM,2024,01,20,03,13.2,53,Moderate,10.0,UG/M3,1 Hr,Valid
Bishkek,PM2.5 - Principal,2024-01-20 04:00 AM,2024,01,20,04,11.1,46,Good,9.0,UG/M3,1 Hr,Valid
Bishkek,PM2.5 - Principal,2024-01-20 05:00 AM,2024,01,20,05,13.0,53,Moderate,15.0,UG/M3,1 Hr,Valid
Bishkek,PM2.5 - Principal,2024-01-20 06:00 AM,2024,01,20,06,7.0,29,Good,1.0,UG/M3,1 Hr,Valid
Bishkek,PM2.5 - Principal,2024-01-20 07:00 AM,2024,01,20,07,11.5,48,Good,16.0,UG/M3,1 Hr,Valid
Bishkek,PM2.5 - Principal,2024-01-20 08:00 AM,2024,01,20,08,6.2,26,Good,0.9,UG/M3,1 Hr,Valid
Bishkek,PM2.5 - Principal,2024-01-20 09:00 AM,2024,01,20,09,3.7,15,Good,1.2,UG/M3,1 Hr,Valid
Bishkek,PM2.5 - Principal,2024-01-20 10:00 AM,2024,01,20,10,2.6,11,Good,1.5,UG/M3,1 Hr,Valid
Bishkek,PM2.5 - Principal,2024-01-20 11:00 AM,2024,01,20,11,10.8,45,Good,19.0,UG/M3,1 Hr,Valid
Bishkek,PM2.5 - Principal,2024-01-20 12:00 PM,2024,01,20,12,11.9,50,Good,13.0,UG/M3,1 Hr,Valid
Bishkek,PM2.5 - Principal,2024-01-20 01:00 PM,2024,01,20,13,23.4,75,Moderate,35.0,UG/M3,1 Hr,Valid
Bishkek,PM2.5 - Principal,2024-01-20 02:00 PM,2024,01,20,14,30.7,90,Moderate,38.0,UG/M3,1 Hr,Valid
Bishkek,PM2.5 - Principal,2024-01-20 03:00 PM,2024,01,20,15,27.3,83,Moderate,24.0,UG/M3,1 Hr,Valid
Bishkek,PM2.5 - Principal,2024-01-20 04:00 PM,2024,01,20,16,27.6,84,Moderate,28.0,UG/M3,1 Hr,Valid
Bishkek,PM2.5 - Principal,2024-01-20 05:00 PM,2024,01,20,17,14.4,56,Moderate,1.1,UG/M3,1 Hr,Valid
Bishkek,PM2.5 - Principal,2024-01-20 06:00 PM,2024,01,20,18,7.6,32,Good,0.7,UG/M3,1 Hr,Valid
Bishkek,PM2.5 - Principal,2024-01-20 07:00 PM,2024,01,20,19,4.2,18,Good,0.9,UG/M3,1 Hr,Valid
Bishkek,PM2.5 - Principal,2024-01-20 08:00 PM,2024,01,20,20,26.1,80,Moderate,48.0,UG/M3,1 Hr,Valid
Bishkek,PM2.5 - Principal,2024-01-20 09:00 PM,2024,01,20,21,34.0,97,Moderate,42.0,UG/M3,1 Hr,Valid
Bishkek,PM2.5 - Principal,2024-01-20 10:00 PM,2024,01,20,22,37.0,105,Unhealthy for Sensitive Groups,40.0,UG/M3,1 Hr,Valid
Bishkek,PM2.5 - Principal,2024-01-20 11:00 PM,2024,01,20,23,18.9,65,Moderate,0.9,UG/M3,1 Hr,Valid
Bishkek,PM2.5 - Principal,2024-01-21 12:00 AM,2024,01,21,00,10.2,43,Good,1.4,UG/M3,1 Hr,Valid
Bishkek,PM2.5 - Principal,2024-01-21 01:00 AM,2024,01,21,01,38.1,107,Unhealthy for Sensitive Groups,66.0,UG/M3,1 Hr,Valid
Bishkek,PM2.5 - Principal,2024-01-21 02:00 AM,2024,01,21,02,19.5,67,Moderate,1.0,UG/M3,1 Hr,Valid
Bishkek,PM2.5 - Principal,2024-01-21 03:00 AM,2024,01,21,03,10.4,43,Good,1.3,UG/M3,1 Hr,Valid
Bishkek,PM2.5 - Principal,2024-01-21 04:00 AM,2024,01,21,04,33.7,96,Moderate,57.0,UG/M3,1 Hr,Valid
Bishkek,PM2.5 - Principal,2024-01-21 05:00 AM,2024,01,21,05,17.7,63,Moderate,1.7,UG/M3,1 Hr,Valid
Bishkek,PM2.5 - Principal,2024-01-21 06:00 AM,2024,01,21,06,9.6,40,Good,1.6,UG/M3,1 Hr,Valid
Bishkek,PM2.5 - Principal,2024-01-21 07:00 AM,2024,01,21,07,15.3,58,Moderate,21.0,UG/M3,1 Hr,Valid
Bishkek,PM2.5 - Principal,2024-01-21 08:00 AM,2024,01,21,08,8.1,34,Good,0.8,UG/M3,1 Hr,Valid
Bishkek,PM2.5 - Principal,2024-01-21 09:00 AM,2024,01,21,09,4.5,19,Good,1.0,UG/M3,1 Hr,Valid
Bishkek,PM2.5 - Principal,2024-01-21 10:00 AM,2024,01,21,10,16.7,61,Moderate,29.0,UG/M3,1 Hr,Valid
Bishkek,PM2.5 - Principal,2024-01-21 11:00 AM,2024,01,21,11,27.8,84,Moderate,39.0,UG/M3,1 Hr,Valid
Bishkek,PM2.5 - Principal,2024-01-21 12:00 PM,2024,01,21,12,34.9,99,Moderate,42.0,UG/M3,1 Hr,Valid
Bishkek,PM2.5 - Principal,2024-01-21 01:00 PM,2024,01,21,13,18.0,63,Moderate,1.1,UG/M3,1 Hr,Valid
Bishkek,PM2.5 - Principal,2024-01-21 02:00 PM,2024,01,21,14,34.0,97,Moderate,50.0,UG/M3,1 Hr,Valid
Bishkek,PM2.5 - Principal,2024-01-21 03:00 PM,2024,01,21,15,41.0,115,Unhealthy for Sensitive Groups,48.0,UG/M3,1 Hr,Valid
Bishkek,PM2.5 - Principal,2024-01-21 04:00 PM,2024,01,21,16,46.0,127,Unhealthy for Sensitive Groups,51.0,UG/M3,1 Hr,Valid
Bishkek,PM2.5 - Principal,2024-01-21 05:00 PM,2024,01,21,17,52.0,142,Unhealthy for Sensitive Groups,58.0,UG/M3,1 Hr,Valid
Bishkek,PM2.5 - Principal,2024-01-21 06:00 PM,2024,01,21,18,26.9,82,Moderate,1.9,UG/M3,1 Hr,Valid
Bishkek,PM2.5 - Principal,2024-01-21 07:00 PM,2024,01,21,19,49.9,136,Unhealthy for Sensitive Groups,73.0,UG/M3,1 Hr,Valid
Bishkek,PM2.5 - Principal,2024-01-21 08:00 PM,2024,01,21,20,75.0,161,Unhealthy,100.0,UG/M3,1 Hr,Valid
Bishkek,PM2.5 - Principal,2024-01-21 09:00 PM,2024,01,21,21,87.5,168,Unhealthy,100.0,UG/M3,1 Hr,Valid
Bishkek,PM2.5 - Principal,2024-01-21 10:00 PM,2024,01,21,22,119.7,184,Unhealthy,152.0,UG/M3,1 Hr,Valid
Bishkek,PM2.5 - Principal,2024-01-21 11:00 PM,2024,01,21,23,119.8,184,Unhealthy,120.0,UG/M3,1 Hr,Valid
Bishkek,PM2.5 - Principal,2024-01-22 12:00 AM,2024,01,22,00,111.4,180,Unhealthy,103.0,UG/M3,1 Hr,Valid
Bishkek,PM2.5 - Principal,2024-01-22 01:00 AM,2024,01,22,01,95.2,171,Unhealthy,79.0,UG/M3,1 Hr,Valid
Bishkek,PM2.5 - Principal,2024-01-22 02:00 AM,2024,01,22,02,74.1,161,Unhealthy,53.0,UG/M3,1 Hr,Valid
Bishkek,PM2.5 - Principal,2024-01-22 03:00 AM,2024,01,22,03,61.0,154,Unhealthy,48.0,UG/M3,1 Hr,Valid
Bishkek,PM2.5 - Principal,2024-01-22 04:00 AM,2024,01,22,04,30.8,90,Moderate,0.7,UG/M3,1 Hr,Valid
Bishkek,PM2.5 - Principal,2024-01-22 05:00 AM,2024,01,22,05,19.9,67,Moderate,9.0,UG/M3,1 Hr,Valid
Bishkek,PM2.5 - Principal,2024-01-22 06:00 AM,2024,01,22,06,12.4,52,Moderate,5.0,UG/M3,1 Hr,Valid
Bishkek,PM2.5 - Principal,2024-01-22 07:00 AM,2024,01,22,07,6.7,28,Good,1.0,UG/M3,1 Hr,Valid
Bishkek,PM2.5 - Principal,2024-01-22 08:00 AM,2024,01,22,08,3.6,15,Good,0.6,UG/M3,1 Hr,Valid
Bishkek,PM2.5 - Principal,2024-01-22 09:00 AM,2024,01,22,09,6.3,26,Good,9.0,UG/M3,1 Hr,Valid
Bishkek,PM2.5 - Principal,2024-01-22 10:00 AM,2024,01,22,10,3.6,15,Good,1.0,UG/M3,1 Hr,Valid
Bishkek,PM2.5 - Principal,2024-01-22 11:00 AM,2024,01,22,11,5.8,24,Good,8.0,UG/M3,1 Hr,Valid
Bishkek,PM2.5 - Principal,2024-01-22 12:00 PM,2024,01,22,12,3.4,14,Good,1.0,UG/M3,1 Hr,Valid
Bishkek,PM2.5 - Principal,2024-01-22 01:00 PM,2024,01,22,13,4.7,20,Good,6.0,UG/M3,1 Hr,Valid
Bishkek,PM2.5 - Principal,2024-01-22 02:00 PM,2024,01,22,14,2.9,12,Good,1.2,UG/M3,1 Hr,Valid
Bishkek,PM2.5 - Principal,2024-01-22 03:00 PM,2024,01,22,15,2.9,12,Good,-999.0,UG/M3,1 Hr,Missing
Bishkek,PM2.5 - Principal,2024-01-22 04:00 PM,2024,01,22,16,87.6,168,Unhealthy,130.0,UG/M3,1 Hr,Valid
Bishkek,PM2.5 - Principal,2024-01-22 05:00 PM,2024,01,22,17,38.4,108,Unhealthy for Sensitive Groups,1.4,UG/M3,1 Hr,Valid
Bishkek,PM2.5 - Principal,2024-01-22 06:00 PM,2024,01,22,18,105.9,177,Unhealthy,165.0,UG/M3,1 Hr,Valid
Bishkek,PM2.5 - Principal,2024-01-22 07:00 PM,2024,01,22,19,51.4,140,Unhealthy for Sensitive Groups,0.2,UG/M3,1 Hr,Valid
Bishkek,PM2.5 - Principal,2024-01-22 08:00 PM,2024,01,22,20,25.5,79,Moderate,0.3,UG/M3,1 Hr,Valid
Bishkek,PM2.5 - Principal,2024-01-22 09:00 PM,2024,01,22,21,12.9,53,Moderate,0.6,UG/M3,1 Hr,Valid
Bishkek,PM2.5 - Principal,2024-01-22 10:00 PM,2024,01,22,22,6.7,28,Good,0.5,UG/M3,1 Hr,Valid
Bishkek,PM2.5 - Principal,2024-01-22 11:00 PM,2024,01,22,23,3.5,15,Good,0.4,UG/M3,1 Hr,Valid
Bishkek,PM2.5 - Principal,2024-01-23 12:00 AM,2024,01,23,00,2.0,8,Good,0.5,UG/M3,1 Hr,Valid
Bishkek,PM2.5 - Principal,2024-01-23 01:00 AM,2024,01,23,01,1.4,6,Good,0.7,UG/M3,1 Hr,Valid
Bishkek,PM2.5 - Principal,2024-01-23 02:00 AM,2024,01,23,02,1.2,5,Good,1.1,UG/M3,1 Hr,Valid
Bishkek,PM2.5 - Principal,2024-01-23 03:00 AM,2024,01,23,03,1.5,6,Good,1.8,UG/M3,1 Hr,Valid
Bishkek,PM2.5 - Principal,2024-01-23 04:00 AM,2024,01,23,04,1.2,5,Good,0.9,UG/M3,1 Hr,Valid
Bishkek,PM2.5 - Principal,2024-01-23 05:00 AM,2024,01,23,05,0.8,3,Good,0.5,UG/M3,1 Hr,Valid
Bishkek,PM2.5 - Principal,2024-01-23 06:00 AM,2024,01,23,06,0.4,2,Good,0.0,UG/M3,1 Hr,Valid
Bishkek,PM2.5 - Principal,2024-01-23 07:00 AM,2024,01,23,07,0.4,2,Good,0.4,UG/M3,1 Hr,Valid
Bishkek,PM2.5 - Principal,2024-01-23 08:00 AM,2024,01,23,08,0.4,2,Good,0.3,UG/M3,1 Hr,Valid
Bishkek,PM2.5 - Principal,2024-01-23 09:00 AM,2024,01,23,09,6.7,28,Good,13.0,UG/M3,1 Hr,Valid
Bishkek,PM2.5 - Principal,2024-01-23 10:00 AM,2024,01,23,10,6.8,28,Good,7.0,UG/M3,1 Hr,Valid
Bishkek,PM2.5 - Principal,2024-01-23 11:00 AM,2024,01,23,11,6.4,27,Good,6.0,UG/M3,1 Hr,Valid
Bishkek,PM2.5 - Principal,2024-01-23 12:00 PM,2024,01,23,12,3.5,15,Good,0.5,UG/M3,1 Hr,Valid
Bishkek,PM2.5 - Principal,2024-01-23 01:00 PM,2024,01,23,13,13.2,53,Moderate,23.0,UG/M3,1 Hr,Valid
Bishkek,PM2.5 - Principal,2024-01-23 02:00 PM,2024,01,23,14,7.9,33,Good,2.7,UG/M3,1 Hr,Valid
Bishkek,PM2.5 - Principal,2024-01-23 03:00 PM,2024,01,23,15,7.9,33,Good,8.0,UG/M3,1 Hr,Valid
Bishkek,PM2.5 - Principal,2024-01-23 04:00 PM,2024,01,23,16,10.5,44,Good,13.0,UG/M3,1 Hr,Valid
Bishkek,PM2.5 - Principal,2024-01-23 05:00 PM,2024,01,23,17,12.7,52,Moderate,15.0,UG/M3,1 Hr,Valid
Bishkek,PM2.5 - Principal,2024-01-23 06:00 PM,2024,01,23,18,6.8,28,Good,0.9,UG/M3,1 Hr,Valid
Bishkek,PM2.5 - Principal,2024-01-23 07:00 PM,2024,01,23,19,25.9,80,Moderate,45.0,UG/M3,1 Hr,Valid
Bishkek,PM2.5 - Principal,2024-01-23 08:00 PM,2024,01,23,20,42.9,119,Unhealthy for Sensitive Groups,60.0,UG/M3,1 Hr,Valid
Bishkek,PM2.5 - Principal,2024-01-23 09:00 PM,2024,01,23,21,40.4,113,Unhealthy for Sensitive Groups,38.0,UG/M3,1 Hr,Valid
Bishkek,PM2.5 - Principal,2024-01-23 10:00 PM,2024,01,23,22,36.2,103,Unhealthy for Sensitive Groups,32.0,UG/M3,1 Hr,Valid
Bishkek,PM2.5 - Principal,2024-01-23 11:00 PM,2024,01,23,23,25.1,78,Moderate,14.0,UG/M3,1 Hr,Valid
Bishkek,PM2.5 - Principal,2024-01-24 12:00 AM,2024,01,24,00,18.0,63,Moderate,11.0,UG/M3,1 Hr,Valid
Bishkek,PM2.5 - Principal,2024-01-24 01:00 AM,2024,01,24,01,17.0,61,Moderate,16.0,UG/M3,1 Hr,Valid
Bishkek,PM2.5 - Principal,2024-01-24 02:00 AM,2024,01,24,02,14.0,55,Moderate,11.0,UG/M3,1 Hr,Valid
Bishkek,PM2.5 - Principal,2024-01-24 03:00 AM,2024,01,24,03,14.0,55,Moderate,14.0,UG/M3,1 Hr,Valid
Bishkek,PM2.5 - Principal,2024-01-24 04:00 AM,2024,01,24,04,11.0,46,Good,8.0,UG/M3,1 Hr,Valid
Bishkek,PM2.5 - Principal,2024-01-24 05:00 AM,2024,01,24,05,7.0,29,Good,3.0,UG/M3,1 Hr,Valid
Bishkek,PM2.5 - Principal,2024-01-24 06:00 AM,2024,01,24,06,4.5,19,Good,2.0,UG/M3,1 Hr,Valid
Bishkek,PM2.5 - Principal,2024-01-24 07:00 AM,2024,01,24,07,2.9,12,Good,1.5,UG/M3,1 Hr,Valid
Bishkek,PM2.5 - Principal,2024-01-24 08:00 AM,2024,01,24,08,1.7,7,Good,0.5,UG/M3,1 Hr,Valid
Bishkek,PM2.5 - Principal,2024-01-24 09:00 AM,2024,01,24,09,1.1,5,Good,0.4,UG/M3,1 Hr,Valid
Bishkek,PM2.5 - Principal,2024-01-24 10:00 AM,2024,01,24,10,8.0,33,Good,15.0,UG/M3,1 Hr,Valid
Bishkek,PM2.5 - Principal,2024-01-24 11:00 AM,2024,01,24,11,4.4,18,Good,0.8,UG/M3,1 Hr,Valid
Bishkek,PM2.5 - Principal,2024-01-24 12:00 PM,2024,01,24,12,2.5,10,Good,0.7,UG/M3,1 Hr,Valid
Bishkek,PM2.5 - Principal,2024-01-24 01:00 PM,2024,01,24,13,4.2,18,Good,6.0,UG/M3,1 Hr,Valid
Bishkek,PM2.5 - Principal,2024-01-24 02:00 PM,2024,01,24,14,4.1,17,Good,4.0,UG/M3,1 Hr,Valid
Bishkek,PM2.5 - Principal,2024-01-24 03:00 PM,2024,01,24,15,4.5,19,Good,5.0,UG/M3,1 Hr,Valid
Bishkek,PM2.5 - Principal,2024-01-24 04:00 PM,2024,01,24,16,11.2,47,Good,18.0,UG/M3,1 Hr,Valid
Bishkek,PM2.5 - Principal,2024-01-24 05:00 PM,2024,01,24,17,17.6,63,Moderate,24.0,UG/M3,1 Hr,Valid
Bishkek,PM2.5 - Principal,2024-01-24 06:00 PM,2024,01,24,18,9.3,39,Good,1.0,UG/M3,1 Hr,Valid
Bishkek,PM2.5 - Principal,2024-01-24 07:00 PM,2024,01,24,19,5.1,21,Good,0.9,UG/M3,1 Hr,Valid
Bishkek,PM2.5 - Principal,2024-01-24 08:00 PM,2024,01,24,20,33.5,96,Moderate,62.0,UG/M3,1 Hr,Valid
Bishkek,PM2.5 - Principal,2024-01-24 09:00 PM,2024,01,24,21,41.8,117,Unhealthy for Sensitive Groups,50.0,UG/M3,1 Hr,Valid
Bishkek,PM2.5 - Principal,2024-01-24 10:00 PM,2024,01,24,22,21.4,71,Moderate,1.1,UG/M3,1 Hr,Valid
Bishkek,PM2.5 - Principal,2024-01-24 11:00 PM,2024,01,24,23,94.7,171,Unhealthy,168.0,UG/M3,1 Hr,Valid
Bishkek,PM2.5 - Principal,2024-01-25 12:00 AM,2024,01,25,00,90.3,169,Unhealthy,86.0,UG/M3,1 Hr,Valid
Bishkek,PM2.5 - Principal,2024-01-25 01:00 AM,2024,01,25,01,59.1,153,Unhealthy,28.0,UG/M3,1 Hr,Valid
Bishkek,PM2.5 - Principal,2024-01-25 02:00 AM,2024,01,25,02,44.1,122,Unhealthy for Sensitive Groups,29.0,UG/M3,1 Hr,Valid
Bishkek,PM2.5 - Principal,2024-01-25 03:00 AM,2024,01,25,03,31.0,91,Moderate,18.0,UG/M3,1 Hr,Valid
Bishkek,PM2.5 - Principal,2024-01-25 04:00 AM,2024,01,25,04,15.8,59,Moderate,0.6,UG/M3,1 Hr,Valid
Bishkek,PM2.5 - Principal,2024-01-25 05:00 AM,2024,01,25,05,10.4,43,Good,5.0,UG/M3,1 Hr,Valid
Bishkek,PM2.5 - Principal,2024-01-25 06:00 AM,2024,01,25,06,6.2,26,Good,2.0,UG/M3,1 Hr,Valid
Bishkek,PM2.5 - Principal,2024-01-25 07:00 AM,2024,01,25,07,3.4,14,Good,0.7,UG/M3,1 Hr,Valid
Bishkek,PM2.5 - Principal,2024-01-25 08:00 AM,2024,01,25,08,2.0,8,Good,0.5,UG/M3,1 Hr,Valid
Bishkek,PM2.5 - Principal,2024-01-25 09:00 AM,2024,01,25,09,4.9,20,Good,8.0,UG/M3,1 Hr,Valid
Bishkek,PM2.5 - Principal,2024-01-25 10:00 AM,2024,01,25,10,3.0,13,Good,1.1,UG/M3,1 Hr,Valid
Bishkek,PM2.5 - Principal,2024-01-25 11:00 AM,2024,01,25,11,1.9,8,Good,0.8,UG/M3,1 Hr,Valid
Bishkek,PM2.5 - Principal,2024-01-25 12:00 PM,2024,01,25,12,1.2,5,Good,0.6,UG/M3,1 Hr,Valid
Bishkek,PM2.5 - Principal,2024-01-25 01:00 PM,2024,01,25,13,6.1,25,Good,11.0,UG/M3,1 Hr,Valid
Bishkek,PM2.5 - Principal,2024-01-25 02:00 PM,2024,01,25,14,27.5,83,Moderate,49.0,UG/M3,1 Hr,Valid
Bishkek,PM2.5 - Principal,2024-01-25 03:00 PM,2024,01,25,15,14.4,56,Moderate,1.4,UG/M3,1 Hr,Valid
Bishkek,PM2.5 - Principal,2024-01-25 04:00 PM,2024,01,25,16,44.7,124,Unhealthy for Sensitive Groups,75.0,UG/M3,1 Hr,Valid
Bishkek,PM2.5 - Principal,2024-01-25 05:00 PM,2024,01,25,17,34.8,99,Moderate,25.0,UG/M3,1 Hr,Valid
Bishkek,PM2.5 - Principal,2024-01-25 06:00 PM,2024,01,25,18,40.9,114,Unhealthy for Sensitive Groups,47.0,UG/M3,1 Hr,Valid
Bishkek,PM2.5 - Principal,2024-01-25 07:00 PM,2024,01,25,19,53.4,145,Unhealthy for Sensitive Groups,66.0,UG/M3,1 Hr,Valid
Bishkek,PM2.5 - Principal,2024-01-25 08:00 PM,2024,01,25,20,27.4,83,Moderate,1.4,UG/M3,1 Hr,Valid
Bishkek,PM2.5 - Principal,2024-01-25 09:00 PM,2024,01,25,21,24.7,77,Moderate,22.0,UG/M3,1 Hr,Valid
Bishkek,PM2.5 - Principal,2024-01-25 10:00 PM,2024,01,25,22,22.8,74,Moderate,21.0,UG/M3,1 Hr,Valid
Bishkek,PM2.5 - Principal,2024-01-25 11:00 PM,2024,01,25,23,21.9,72,Moderate,21.0,UG/M3,1 Hr,Valid
Bishkek,PM2.5 - Principal,2024-01-26 12:00 AM,2024,01,26,00,20.9,70,Moderate,20.0,UG/M3,1 Hr,Valid
Bishkek,PM2.5 - Principal,2024-01-26 01:00 AM,2024,01,26,01,25.4,79,Moderate,30.0,UG/M3,1 Hr,Valid
Bishkek,PM2.5 - Principal,2024-01-26 02:00 AM,2024,01,26,02,31.2,91,Moderate,37.0,UG/M3,1 Hr,Valid
Bishkek,PM2.5 - Principal,2024-01-26 03:00 AM,2024,01,26,03,16.8,61,Moderate,2.4,UG/M3,1 Hr,Valid
Bishkek,PM2.5 - Principal,2024-01-26 04:00 AM,2024,01,26,04,10.0,42,Good,3.1,UG/M3,1 Hr,Valid
Bishkek,PM2.5 - Principal,2024-01-26 05:00 AM,2024,01,26,05,5.9,25,Good,2.0,UG/M3,1 Hr,Valid
Bishkek,PM2.5 - Principal,2024-01-26 06:00 AM,2024,01,26,06,2.9,12,Good,0.0,UG/M3,1 Hr,Valid
Bishkek,PM2.5 - Principal,2024-01-26 07:00 AM,2024,01,26,07,3.0,13,Good,3.1,UG/M3,1 Hr,Valid
Bishkek,PM2.5 - Principal,2024-01-26 08:00 AM,2024,01,26,08,2.9,12,Good,2.9,UG/M3,1 Hr,Valid
Bishkek,PM2.5 - Principal,2024-01-26 09:00 AM,2024,01,26,09,2.7,11,Good,2.4,UG/M3,1 Hr,Valid
Bishkek,PM2.5 - Principal,2024-01-26 10:00 AM,2024,01,26,10,2.6,11,Good,2.6,UG/M3,1 Hr,Valid
Bishkek,PM2.5 - Principal,2024-01-26 11:00 AM,2024,01,26,11,8.3,35,Good,14.0,UG/M3,1 Hr,Valid
Bishkek,PM2.5 - Principal,2024-01-26 12:00 PM,2024,01,26,12,5.2,22,Good,2.1,UG/M3,1 Hr,Valid
Bishkek,PM2.5 - Principal,2024-01-26 01:00 PM,2024,01,26,13,11.6,48,Good,18.0,UG/M3,1 Hr,Valid
Bishkek,PM2.5 - Principal,2024-01-26 02:00 PM,2024,01,26,14,6.6,28,Good,1.6,UG/M3,1 Hr,Valid
Bishkek,PM2.5 - Principal,2024-01-26 03:00 PM,2024,01,26,15,16.3,60,Moderate,26.0,UG/M3,1 Hr,Valid
Bishkek,PM2.5 - Principal,2024-01-26 04:00 PM,2024,01,26,16,17.1,62,Moderate,18.0,UG/M3,1 Hr,Valid
Bishkek,PM2.5 - Principal,2024-01-26 05:00 PM,2024,01,26,17,9.5,40,Good,1.9,UG/M3,1 Hr,Valid
Bishkek,PM2.5 - Principal,2024-01-26 06:00 PM,2024,01,26,18,27.2,83,Moderate,45.0,UG/M3,1 Hr,Valid
Bishkek,PM2.5 - Principal,2024-01-26 07:00 PM,2024,01,26,19,38.1,107,Unhealthy for Sensitive Groups,49.0,UG/M3,1 Hr,Valid
Bishkek,PM2.5 - Principal,2024-01-26 08:00 PM,2024,01,26,20,19.6,67,Moderate,1.1,UG/M3,1 Hr,Valid
Bishkek,PM2.5 - Principal,2024-01-26 09:00 PM,2024,01,26,21,27.3,83,Moderate,35.0,UG/M3,1 Hr,Valid
Bishkek,PM2.5 - Principal,2024-01-26 10:00 PM,2024,01,26,22,14.0,55,Moderate,0.8,UG/M3,1 Hr,Valid
Bishkek,PM2.5 - Principal,2024-01-26 11:00 PM,2024,01,26,23,31.5,92,Moderate,49.0,UG/M3,1 Hr,Valid
Bishkek,PM2.5 - Principal,2024-01-27 12:00 AM,2024,01,27,00,16.5,60,Moderate,1.6,UG/M3,1 Hr,Valid
Bishkek,PM2.5 - Principal,2024-01-27 01:00 AM,2024,01,27,01,73.8,160,Unhealthy,131.0,UG/M3,1 Hr,Valid
Bishkek,PM2.5 - Principal,2024-01-27 02:00 AM,2024,01,27,02,72.4,160,Unhealthy,71.0,UG/M3,1 Hr,Valid
Bishkek,PM2.5 - Principal,2024-01-27 03:00 AM,2024,01,27,03,37.6,106,Unhealthy for Sensitive Groups,2.9,UG/M3,1 Hr,Valid
Bishkek,PM2.5 - Principal,2024-01-27 04:00 AM,2024,01,27,04,20.2,68,Moderate,2.7,UG/M3,1 Hr,Valid
Bishkek,PM2.5 - Principal,2024-01-27 05:00 AM,2024,01,27,05,33.1,95,Moderate,46.0,UG/M3,1 Hr,Valid
Bishkek,PM2.5 - Principal,2024-01-27 06:00 AM,2024,01,27,06,16.9,61,Moderate,0.7,UG/M3,1 Hr,Valid
Bishkek,PM2.5 - Principal,2024-01-27 07:00 AM,2024,01,27,07,35.9,102,Unhealthy for Sensitive Groups,55.0,UG/M3,1 Hr,Valid
Bishkek,PM2.5 - Principal,2024-01-27 08:00 AM,2024,01,27,08,42.9,119,Unhealthy for Sensitive Groups,50.0,UG/M3,1 Hr,Valid
Bishkek,PM2.5 - Principal,2024-01-27 09:00 AM,2024,01,27,09,45.9,127,Unhealthy for Sensitive Groups,49.0,UG/M3,1 Hr,Valid
Bishkek,PM2.5 - Principal,2024-01-27 10:00 AM,2024,01,27,10,23.3,75,Moderate,0.7,UG/M3,1 Hr,Valid
Bishkek,PM2.5 - Principal,2024-01-27 11:00 AM,2024,01,27,11,42.1,117,Unhealthy for Sensitive Groups,61.0,UG/M3,1 Hr,Valid
Bishkek,PM2.5 - Principal,2024-01-27 12:00 PM,2024,01,27,12,70.6,159,Unhealthy,99.0,UG/M3,1 Hr,Valid
Bishkek,PM2.5 - Principal,2024-01-27 01:00 PM,2024,01,27,13,113.8,181,Unhealthy,157.0,UG/M3,1 Hr,Valid
Bishkek,PM2.5 - Principal,2024-01-27 02:00 PM,2024,01,27,14,57.8,152,Unhealthy,1.9,UG/M3,1 Hr,Valid
Bishkek,PM2.5 - Principal,2024-01-27 03:00 PM,2024,01,27,15,135.4,192,Unhealthy,213.0,UG/M3,1 Hr,Valid
Bishkek,PM2.5 - Principal,2024-01-27 04:00 PM,2024,01,27,16,136.2,193,Unhealthy,137.0,UG/M3,1 Hr,Valid
Bishkek,PM2.5 - Principal,2024-01-27 05:00 PM,2024,01,27,17,86.7,167,Unhealthy,37.3,UG/M3,1 Hr,Valid
Bishkek,PM2.5 - Principal,2024-01-27 06:00 PM,2024,01,27,18,63.2,155,Unhealthy,39.7,UG/M3,1 Hr,Valid
Bishkek,PM2.5 - Principal,2024-01-27 07:00 PM,2024,01,27,19,96.1,172,Unhealthy,129.0,UG/M3,1 Hr,Valid
Bishkek,PM2.5 - Principal,2024-01-27 08:00 PM,2024,01,27,20,98.0,173,Unhealthy,100.0,UG/M3,1 Hr,Valid
Bishkek,PM2.5 - Principal,2024-01-27 09:00 PM,2024,01,27,21,117.5,183,Unhealthy,137.0,UG/M3,1 Hr,Valid
Bishkek,PM2.5 - Principal,2024-01-27 10:00 PM,2024,01,27,22,126.7,188,Unhealthy,136.0,UG/M3,1 Hr,Valid
Bishkek,PM2.5 - Principal,2024-01-27 11:00 PM,2024,01,27,23,128.9,189,Unhealthy,131.0,UG/M3,1 Hr,Valid
Bishkek,PM2.5 - Principal,2024-01-28 12:00 AM,2024,01,28,00,122.9,186,Unhealthy,117.0,UG/M3,1 Hr,Valid
Bishkek,PM2.5 - Principal,2024-01-28 01:00 AM,2024,01,28,01,118.4,183,Unhealthy,114.0,UG/M3,1 Hr,Valid
Bishkek,PM2.5 - Principal,2024-01-28 02:00 AM,2024,01,28,02,76.7,162,Unhealthy,35.0,UG/M3,1 Hr,Valid
Bishkek,PM2.5 - Principal,2024-01-28 03:00 AM,2024,01,28,03,104.3,176,Unhealthy,132.0,UG/M3,1 Hr,Valid
Bishkek,PM2.5 - Principal,2024-01-28 04:00 AM,2024,01,28,04,111.1,180,Unhealthy,118.0,UG/M3,1 Hr,Valid
Bishkek,PM2.5 - Principal,2024-01-28 05:00 AM,2024,01,28,05,112.5,180,Unhealthy,114.0,UG/M3,1 Hr,Valid
Bishkek,PM2.5 - Principal,2024-01-28 06:00 AM,2024,01,28,06,73.0,160,Unhealthy,33.4,UG/M3,1 Hr,Valid
Bishkek,PM2.5 - Principal,2024-01-28 07:00 AM,2024,01,28,07,85.5,166,Unhealthy,98.0,UG/M3,1 Hr,Valid
Bishkek,PM2.5 - Principal,2024-01-28 08:00 AM,2024,01,28,08,90.2,169,Unhealthy,95.0,UG/M3,1 Hr,Valid
Bishkek,PM2.5 - Principal,2024-01-28 09:00 AM,2024,01,28,09,45.4,125,Unhealthy for Sensitive Groups,0.6,UG/M3,1 Hr,Valid
Bishkek,PM2.5 - Principal,2024-01-28 10:00 AM,2024,01,28,10,23.1,74,Moderate,0.8,UG/M3,1 Hr,Valid
Bishkek,PM2.5 - Principal,2024-01-28 11:00 AM,2024,01,28,11,46.0,127,Unhealthy for Sensitive Groups,69.0,UG/M3,1 Hr,Valid
Bishkek,PM2.5 - Principal,2024-01-28 12:00 PM,2024,01,28,12,53.0,144,Unhealthy for Sensitive Groups,60.0,UG/M3,1 Hr,Valid
Bishkek,PM2.5 - Principal,2024-01-28 01:00 PM,2024,01,28,13,61.0,154,Unhealthy,69.0,UG/M3,1 Hr,Valid
Bishkek,PM2.5 - Principal,2024-01-28 02:00 PM,2024,01,28,14,31.6,92,Moderate,2.3,UG/M3,1 Hr,Valid
Bishkek,PM2.5 - Principal,2024-01-28 03:00 PM,2024,01,28,15,16.6,60,Moderate,1.6,UG/M3,1 Hr,Valid
Bishkek,PM2.5 - Principal,2024-01-28 04:00 PM,2024,01,28,16,9.1,38,Good,1.6,UG/M3,1 Hr,Valid
Bishkek,PM2.5 - Principal,2024-01-28 05:00 PM,2024,01,28,17,135.5,192,Unhealthy,262.0,UG/M3,1 Hr,Valid
Bishkek,PM2.5 - Principal,2024-01-28 06:00 PM,2024,01,28,18,196.3,246,Very Unhealthy,257.0,UG/M3,1 Hr,Valid
Bishkek,PM2.5 - Principal,2024-01-28 07:00 PM,2024,01,28,19,212.6,263,Very Unhealthy,229.0,UG/M3,1 Hr,Valid
Bishkek,PM2.5 - Principal,2024-01-28 08:00 PM,2024,01,28,20,188.8,239,Very Unhealthy,165.0,UG/M3,1 Hr,Valid
Bishkek,PM2.5 - Principal,2024-01-28 09:00 PM,2024,01,28,21,168.4,219,Very Unhealthy,148.0,UG/M3,1 Hr,Valid
Bishkek,PM2.5 - Principal,2024-01-28 10:00 PM,2024,01,28,22,142.7,196,Unhealthy,117.0,UG/M3,1 Hr,Valid
Bishkek,PM2.5 - Principal,2024-01-28 11:00 PM,2024,01,28,23,133.8,191,Unhealthy,125.0,UG/M3,1 Hr,Valid
Bishkek,PM2.5 - Principal,2024-01-29 12:00 AM,2024,01,29,00,127.9,188,Unhealthy,122.0,UG/M3,1 Hr,Valid
Bishkek,PM2.5 - Principal,2024-01-29 01:00 AM,2024,01,29,01,64.3,156,Unhealthy,0.8,UG/M3,1 Hr,Valid
Bishkek,PM2.5 - Principal,2024-01-29 02:00 AM,2024,01,29,02,32.7,94,Moderate,1.1,UG/M3,1 Hr,Valid
Bishkek,PM2.5 - Principal,2024-01-29 03:00 AM,2024,01,29,03,17.1,62,Moderate,1.4,UG/M3,1 Hr,Valid
Bishkek,PM2.5 - Principal,2024-01-29 04:00 AM,2024,01,29,04,9.5,40,Good,1.9,UG/M3,1 Hr,Valid
Bishkek,PM2.5 - Principal,2024-01-29 05:00 AM,2024,01,29,05,5.4,23,Good,1.4,UG/M3,1 Hr,Valid
Bishkek,PM2.5 - Principal,2024-01-29 06:00 AM,2024,01,29,06,3.3,14,Good,1.2,UG/M3,1 Hr,Valid
Bishkek,PM2.5 - Principal,2024-01-29 07:00 AM,2024,01,29,07,19.1,66,Moderate,35.0,UG/M3,1 Hr,Valid
Bishkek,PM2.5 - Principal,2024-01-29 08:00 AM,2024,01,29,08,9.9,41,Good,0.8,UG/M3,1 Hr,Valid
Bishkek,PM2.5 - Principal,2024-01-29 09:00 AM,2024,01,29,09,30.4,89,Moderate,51.0,UG/M3,1 Hr,Valid
Bishkek,PM2.5 - Principal,2024-01-29 10:00 AM,2024,01,29,10,42.2,117,Unhealthy for Sensitive Groups,54.0,UG/M3,1 Hr,Valid
Bishkek,PM2.5 - Principal,2024-01-29 11:00 AM,2024,01,29,11,51.1,139,Unhealthy for Sensitive Groups,60.0,UG/M3,1 Hr,Valid
Bishkek,PM2.5 - Principal,2024-01-29 12:00 PM,2024,01,29,12,76.5,162,Unhealthy,102.0,UG/M3,1 Hr,Valid
Bishkek,PM2.5 - Principal,2024-01-29 01:00 PM,2024,01,29,13,93.2,170,Unhealthy,110.0,UG/M3,1 Hr,Valid
Bishkek,PM2.5 - Principal,2024-01-29 02:00 PM,2024,01,29,14,97.1,172,Unhealthy,101.0,UG/M3,1 Hr,Valid
Bishkek,PM2.5 - Principal,2024-01-29 03:00 PM,2024,01,29,15,104.5,176,Unhealthy,112.0,UG/M3,1 Hr,Valid
Bishkek,PM2.5 - Principal,2024-01-29 04:00 PM,2024,01,29,16,115.8,182,Unhealthy,127.0,UG/M3,1 Hr,Valid
Bishkek,PM2.5 - Principal,2024-01-29 05:00 PM,2024,01,29,17,58.2,152,Unhealthy,0.7,UG/M3,1 Hr,Valid
Bishkek,PM2.5 - Principal,2024-01-29 06:00 PM,2024,01,29,18,70.6,159,Unhealthy,83.0,UG/M3,1 Hr,Valid
Bishkek,PM2.5 - Principal,2024-01-29 07:00 PM,2024,01,29,19,74.3,161,Unhealthy,78.0,UG/M3,1 Hr,Valid
Bishkek,PM2.5 - Principal,2024-01-29 08:00 PM,2024,01,29,20,37.7,106,Unhealthy for Sensitive Groups,1.1,UG/M3,1 Hr,Valid
Bishkek,PM2.5 - Principal,2024-01-29 09:00 PM,2024,01,29,21,20.7,69,Moderate,3.7,UG/M3,1 Hr,Valid
Bishkek,PM2.5 - Principal,2024-01-29 10:00 PM,2024,01,29,22,41.3,115,Unhealthy for Sensitive Groups,62.0,UG/M3,1 Hr,Valid
Bishkek,PM2.5 - Principal,2024-01-29 11:00 PM,2024,01,29,23,26.6,81,Moderate,12.0,UG/M3,1 Hr,Valid
Bishkek,PM2.5 - Principal,2024-01-30 12:00 AM,2024,01,30,00,14.0,55,Moderate,1.4,UG/M3,1 Hr,Valid
Bishkek,PM2.5 - Principal,2024-01-30 01:00 AM,2024,01,30,01,7.5,31,Good,1.0,UG/M3,1 Hr,Valid
Bishkek,PM2.5 - Principal,2024-01-30 02:00 AM,2024,01,30,02,6.7,28,Good,6.0,UG/M3,1 Hr,Valid
Bishkek,PM2.5 - Principal,2024-01-30 03:00 AM,2024,01,30,03,5.3,22,Good,4.0,UG/M3,1 Hr,Valid
Bishkek,PM2.5 - Principal,2024-01-30 04:00 AM,2024,01,30,04,2.9,12,Good,0.5,UG/M3,1 Hr,Valid
Bishkek,PM2.5 - Principal,2024-01-30 05:00 AM,2024,01,30,05,1.9,8,Good,0.9,UG/M3,1 Hr,Valid
Bishkek,PM2.5 - Principal,2024-01-30 06:00 AM,2024,01,30,06,1.9,8,Good,2.0,UG/M3,1 Hr,Valid
Bishkek,PM2.5 - Principal,2024-01-30 07:00 AM,2024,01,30,07,1.1,5,Good,0.4,UG/M3,1 Hr,Valid
Bishkek,PM2.5 - Principal,2024-01-30 08:00 AM,2024,01,30,08,0.9,4,Good,0.7,UG/M3,1 Hr,Valid
Bishkek,PM2.5 - Principal,2024-01-30 09:00 AM,2024,01,30,09,0.8,3,Good,0.7,UG/M3,1 Hr,Valid
Bishkek,PM2.5 - Principal,2024-01-30 10:00 AM,2024,01,30,10,0.7,3,Good,0.6,UG/M3,1 Hr,Valid
Bishkek,PM2.5 - Principal,2024-01-30 11:00 AM,2024,01,30,11,0.7,3,Good,0.6,UG/M3,1 Hr,Valid
Bishkek,PM2.5 - Principal,2024-01-30 12:00 PM,2024,01,30,12,0.8,3,Good,1.0,UG/M3,1 Hr,Valid
Bishkek,PM2.5 - Principal,2024-01-30 01:00 PM,2024,01,30,13,0.9,4,Good,1.0,UG/M3,1 Hr,Valid
Bishkek,PM2.5 - Principal,2024-01-30 02:00 PM,2024,01,30,14,6.9,29,Good,13.0,UG/M3,1 Hr,Valid
Bishkek,PM2.5 - Principal,2024-01-30 03:00 PM,2024,01,30,15,12.9,53,Moderate,19.0,UG/M3,1 Hr,Valid
Bishkek,PM2.5 - Principal,2024-01-30 04:00 PM,2024,01,30,16,12.4,52,Moderate,12.0,UG/M3,1 Hr,Valid
Bishkek,PM2.5 - Principal,2024-01-30 05:00 PM,2024,01,30,17,7.5,31,Good,2.6,UG/M3,1 Hr,Valid
Bishkek,PM2.5 - Principal,2024-01-30 06:00 PM,2024,01,30,18,5.2,22,Good,2.9,UG/M3,1 Hr,Valid
Bishkek,PM2.5 - Principal,2024-01-30 07:00 PM,2024,01,30,19,3.9,16,Good,2.6,UG/M3,1 Hr,Valid
Bishkek,PM2.5 - Principal,2024-01-30 08:00 PM,2024,01,30,20,3.1,13,Good,2.3,UG/M3,1 Hr,Valid
Bishkek,PM2.5 - Principal,2024-01-30 09:00 PM,2024,01,30,21,5.5,23,Good,8.0,UG/M3,1 Hr,Valid
Bishkek,PM2.5 - Principal,2024-01-30 10:00 PM,2024,01,30,22,10.7,45,Good,16.0,UG/M3,1 Hr,Valid
Bishkek,PM2.5 - Principal,2024-01-30 11:00 PM,2024,01,30,23,5.7,24,Good,0.6,UG/M3,1 Hr,Valid
Bishkek,PM2.5 - Principal,2024-01-31 12:00 AM,2024,01,31,00,12.8,52,Moderate,20.0,UG/M3,1 Hr,Valid
Bishkek,PM2.5 - Principal,2024-01-31 01:00 AM,2024,01,31,01,6.8,28,Good,0.8,UG/M3,1 Hr,Valid
Bishkek,PM2.5 - Principal,2024-01-31 02:00 AM,2024,01,31,02,15.4,58,Moderate,24.0,UG/M3,1 Hr,Valid
Bishkek,PM2.5 - Principal,2024-01-31 03:00 AM,2024,01,31,03,7.9,33,Good,0.4,UG/M3,1 Hr,Valid
Bishkek,PM2.5 - Principal,2024-01-31 04:00 AM,2024,01,31,04,24.4,77,Moderate,41.0,UG/M3,1 Hr,Valid
Bishkek,PM2.5 - Principal,2024-01-31 05:00 AM,2024,01,31,05,12.5,52,Moderate,0.7,UG/M3,1 Hr,Valid
Bishkek,PM2.5 - Principal,2024-01-31 06:00 AM,2024,01,31,06,15.2,58,Moderate,18.0,UG/M3,1 Hr,Valid
Bishkek,PM2.5 - Principal,2024-01-31 07:00 AM,2024,01,31,07,8.0,33,Good,0.7,UG/M3,1 Hr,Valid
Bishkek,PM2.5 - Principal,2024-01-31 08:00 AM,2024,01,31,08,4.4,18,Good,0.7,UG/M3,1 Hr,Valid
Bishkek,PM2.5 - Principal,2024-01-31 09:00 AM,2024,01,31,09,2.4,10,Good,0.5,UG/M3,1 Hr,Valid
Bishkek,PM2.5 - Principal,2024-01-31 10:00 AM,2024,01,31,10,10.2,43,Good,18.0,UG/M3,1 Hr,Valid
Bishkek,PM2.5 - Principal,2024-01-31 11:00 AM,2024,01,31,11,6.1,25,Good,1.9,UG/M3,1 Hr,Valid
Bishkek,PM2.5 - Principal,2024-01-31 12:00 PM,2024,01,31,12,17.0,61,Moderate,28.0,UG/M3,1 Hr,Valid
Bishkek,PM2.5 - Principal,2024-01-31 01:00 PM,2024,01,31,13,9.4,39,Good,1.8,UG/M3,1 Hr,Valid
Bishkek,PM2.5 - Principal,2024-01-31 02:00 PM,2024,01,31,14,8.7,36,Good,8.0,UG/M3,1 Hr,Valid
Bishkek,PM2.5 - Principal,2024-01-31 03:00 PM,2024,01,31,15,14.8,57,Moderate,21.0,UG/M3,1 Hr,Valid
Bishkek,PM2.5 - Principal,2024-01-31 04:00 PM,2024,01,31,16,7.8,33,Good,0.7,UG/M3,1 Hr,Valid
Bishkek,PM2.5 - Principal,2024-01-31 05:00 PM,2024,01,31,17,4.6,19,Good,1.4,UG/M3,1 Hr,Valid
Bishkek,PM2.5 - Principal,2024-01-31 06:00 PM,2024,01,31,18,12.3,51,Moderate,20.0,UG/M3,1 Hr,Valid
Bishkek,PM2.5 - Principal,2024-01-31 07:00 PM,2024,01,31,19,13.1,53,Moderate,14.0,UG/M3,1 Hr,Valid
Bishkek,PM2.5 - Principal,2024-01-31 08:00 PM,2024,01,31,20,6.8,28,Good,0.6,UG/M3,1 Hr,Valid
Bishkek,PM2.5 - Principal,2024-01-31 09:00 PM,2024,01,31,21,10.9,45,Good,15.0,UG/M3,1 Hr,Valid
Bishkek,PM2.5 - Principal,2024-01-31 10:00 PM,2024,01,31,22,7.4,31,Good,4.0,UG/M3,1 Hr,Valid
Bishkek,PM2.5 - Principal,2024-01-31 11:00 PM,2024,01,31,23,9.7,40,Good,12.0,UG/M3,1 Hr,Valid
Bishkek,PM2.5 - Principal,2024-02-01 12:00 AM,2024,02,01,00,5.2,22,Good,0.7,UG/M3,1 Hr,Valid
